,Education,Marital_Status,Income,Recency,NumWebVisitsMonth,AcceptedCmp3,AcceptedCmp4,AcceptedCmp5,AcceptedCmp1,AcceptedCmp2,Complain,total_products,frequent_purchases,total_child,age
0,2,4,58138.0,58,7,0,0,0,0,0,0,1617,25,0,66
1,2,4,46344.0,38,5,0,0,0,0,0,0,27,6,2,69
2,2,5,71613.0,26,4,0,0,0,0,0,0,776,21,0,58
3,2,5,26646.0,26,6,0,0,0,0,0,0,53,8,1,39
4,4,3,58293.0,94,5,0,0,0,0,0,0,422,19,1,42
5,3,5,62513.0,16,6,0,0,0,0,0,0,716,22,1,56
6,2,2,55635.0,34,6,0,0,0,0,0,0,590,21,1,52
7,4,3,33454.0,32,8,0,0,0,0,0,0,169,10,1,38
8,4,5,30351.0,19,9,0,0,0,0,0,0,46,6,1,49
9,4,5,5648.0,68,20,1,0,0,0,0,0,49,2,2,73
11,1,3,7500.0,59,8,0,0,0,0,0,0,61,6,0,47
12,2,2,63033.0,82,2,0,0,0,0,0,0,1102,16,0,64
13,3,2,59354.0,53,6,0,0,0,0,0,0,310,15,2,71
14,2,3,17323.0,38,8,0,0,0,0,0,0,46,5,0,36
15,4,4,82800.0,23,3,0,0,1,1,0,0,1315,26,0,77
16,2,3,41850.0,51,8,0,0,0,0,0,0,96,9,2,43
17,2,5,37760.0,20,7,0,0,0,0,0,0,317,13,0,77
18,3,3,76995.0,91,5,0,0,0,1,0,0,1782,26,1,74
19,0,4,33812.0,86,6,0,0,0,0,0,0,133,8,1,38
20,2,3,37040.0,41,8,0,0,0,0,0,0,316,12,0,41
21,2,3,2447.0,42,1,0,0,0,0,0,0,1730,43,1,44
22,4,3,58607.0,63,8,0,1,0,0,0,0,972,17,1,74
23,4,3,65324.0,0,4,0,0,0,0,0,0,544,20,1,69
24,2,5,40689.0,69,8,0,0,0,0,0,0,444,20,1,72
25,2,4,18589.0,89,7,0,0,0,0,0,0,75,8,0,54
26,2,3,53359.0,4,7,0,0,0,0,0,0,257,14,2,47
28,2,3,38360.0,26,3,0,0,0,0,0,0,131,9,1,34
29,4,3,84618.0,96,2,0,0,1,0,0,0,1672,26,0,58
30,3,2,10979.0,34,5,0,0,0,0,0,0,30,8,0,34
31,3,5,38620.0,56,3,0,0,0,0,0,0,318,11,0,60
32,2,5,40548.0,31,5,0,1,0,0,0,0,120,9,1,53
33,4,2,46610.0,8,6,0,0,0,0,0,0,302,17,2,71
34,3,3,68657.0,4,7,0,0,0,0,0,0,1196,18,0,77
35,3,4,49389.0,55,7,0,0,0,0,0,0,65,6,2,72
36,4,3,67353.0,37,2,0,0,0,0,0,0,913,28,1,53
37,0,3,23718.0,76,7,0,0,0,0,0,0,81,9,1,47
38,2,6,42429.0,99,5,0,0,0,0,0,0,67,7,1,50
39,4,2,48948.0,53,6,1,0,0,0,0,0,902,24,0,80
40,2,3,80011.0,3,4,0,0,0,0,0,0,1395,21,1,43
41,3,3,20559.0,88,8,0,0,0,0,0,0,53,7,1,38
42,2,5,21994.0,4,5,0,0,0,0,0,0,22,4,1,66
44,3,3,7500.0,19,5,0,0,0,0,0,0,31,8,1,48
45,2,4,79941.0,72,1,0,0,0,0,0,0,984,16,0,47
46,0,3,7500.0,24,9,0,0,0,0,0,0,122,10,0,27
47,2,5,41728.0,92,10,0,0,0,0,0,0,55,5,1,55
49,4,3,72550.0,39,8,0,0,0,0,0,0,1319,28,2,69
50,2,6,65486.0,29,2,0,0,0,0,0,0,507,17,1,66
51,3,3,79143.0,2,3,0,0,0,0,0,0,1693,29,0,59
52,2,4,35790.0,54,7,0,0,0,0,0,0,72,7,1,46
53,2,2,82582.0,54,1,1,0,0,1,0,0,1617,21,0,46
54,2,3,66373.0,57,3,0,0,0,0,0,0,606,23,2,45
55,3,5,82384.0,55,1,0,0,1,0,0,0,1957,27,0,68
56,2,2,70287.0,30,3,0,0,0,0,0,0,1093,21,0,57
57,2,4,27938.0,31,3,0,0,0,0,0,0,29,6,1,35
59,4,3,55954.0,63,7,0,0,0,0,0,0,518,19,1,55
60,3,4,75777.0,12,1,0,1,1,0,0,0,1438,21,0,41
61,2,5,66653.0,18,3,0,0,0,0,0,0,612,22,2,48
62,2,4,61823.0,26,7,0,0,0,0,0,0,884,24,1,71
63,4,6,67680.0,8,5,0,0,0,0,0,0,606,19,1,72
64,2,5,70666.0,29,4,0,0,0,0,0,0,1076,16,0,75
65,2,3,25721.0,75,7,0,0,0,0,0,0,34,5,1,52
66,2,5,32474.0,0,7,0,0,0,0,0,0,11,4,2,56
67,0,4,88194.0,19,5,1,0,0,1,0,0,1274,32,1,44
68,2,5,69096.0,4,4,0,0,0,0,0,0,653,18,1,65
69,2,5,74854.0,90,5,0,0,0,0,0,0,1562,19,3,53
70,3,3,66991.0,1,3,0,0,0,0,0,0,1253,21,0,69
72,2,3,65031.0,29,7,0,0,0,0,0,0,863,30,1,64
73,4,3,60631.0,88,7,0,1,0,0,0,0,661,24,2,48
74,2,3,28332.0,58,2,0,0,0,0,0,0,65,8,0,71
75,2,2,40246.0,68,6,0,0,0,0,0,0,13,4,1,46
76,3,3,75251.0,34,5,0,0,0,0,0,0,1890,19,0,51
77,2,4,75825.0,40,4,1,0,0,0,0,0,2209,22,0,47
78,0,5,26326.0,12,3,0,0,0,0,0,1,18,4,0,47
79,2,5,56046.0,9,8,1,0,0,0,0,0,692,21,0,58
80,2,4,29760.0,87,8,0,0,0,0,0,0,165,12,1,38
81,2,3,26304.0,5,7,0,0,0,0,0,0,16,4,1,54
82,0,3,23559.0,87,7,0,0,0,0,0,0,79,9,1,50
83,3,5,38620.0,56,3,0,0,0,0,0,0,318,11,0,60
84,2,2,81361.0,18,1,0,0,0,0,0,0,778,27,0,36
85,2,3,29440.0,95,7,0,0,0,0,0,0,56,7,2,63
86,3,3,36138.0,48,7,0,1,0,0,0,0,151,13,2,53
87,2,4,50388.0,3,7,0,1,0,1,0,0,372,17,1,66
88,2,3,79593.0,70,2,0,0,1,0,0,0,1366,19,0,50
89,2,5,54178.0,79,2,0,0,0,0,0,0,194,10,1,56
93,3,4,42394.0,69,7,0,0,0,0,0,0,32,5,1,51
94,4,3,23626.0,84,5,0,0,0,0,0,0,43,10,1,53
95,2,3,30096.0,30,6,0,0,0,0,0,0,45,6,1,40
96,2,6,47916.0,72,6,0,1,0,0,0,0,606,22,1,63
97,2,2,51813.0,37,7,0,0,0,0,0,0,63,7,2,51
98,0,3,78497.0,44,2,0,0,0,1,0,0,978,25,0,72
99,4,3,50150.0,32,5,0,0,0,0,0,0,410,16,0,40
100,0,4,47823.0,0,8,0,0,0,0,0,0,72,7,1,63
101,4,4,34554.0,43,6,0,0,0,0,0,0,55,7,1,64
102,2,5,85693.0,59,5,0,0,0,0,0,0,1169,27,1,44
103,4,3,65846.0,68,4,0,0,0,0,0,0,1120,16,0,78
104,2,3,87195.0,35,1,0,0,0,0,0,0,1097,20,0,64
105,1,5,24594.0,94,5,0,0,0,0,0,0,29,5,1,44
106,2,3,49096.0,15,7,0,0,0,0,0,0,187,13,2,59
107,2,3,52413.0,56,6,0,0,0,0,0,0,910,26,2,54
108,2,4,38557.0,17,7,0,0,0,0,0,0,145,9,1,45
109,3,3,89058.0,18,2,0,0,0,0,0,0,850,14,0,63
110,2,5,77298.0,46,3,0,0,0,0,0,0,969,24,1,44
111,4,4,68126.0,40,9,0,1,0,0,0,0,1820,17,0,32
112,3,5,57288.0,27,6,0,1,0,0,0,0,608,20,1,60
113,2,4,86037.0,95,3,0,1,1,0,0,0,730,25,0,32
114,4,3,43974.0,19,7,0,0,0,0,0,0,551,21,1,43
115,2,4,50785.0,27,6,0,0,0,0,0,0,114,8,2,61
116,2,3,90765.0,25,1,0,0,1,1,0,0,1724,15,0,53
117,0,3,36550.0,74,9,0,0,0,0,0,0,577,20,1,45
118,0,5,30753.0,85,5,0,0,0,0,0,0,81,7,2,56
119,2,5,21918.0,37,6,0,0,0,0,0,0,33,7,1,54
120,3,5,56129.0,65,4,0,0,0,0,0,0,660,22,1,70
121,3,4,32557.0,13,5,0,0,0,0,0,0,80,9,1,56
122,3,3,19510.0,63,7,0,0,0,0,0,0,30,6,2,38
123,2,2,30992.0,83,7,0,0,0,0,0,0,43,5,1,47
124,2,4,101970.0,69,2,0,1,1,1,0,0,1135,27,0,40
125,0,5,71488.0,87,1,0,0,0,0,0,0,559,16,0,58
126,2,4,79607.0,37,1,0,0,0,0,0,0,1923,16,0,39
127,3,3,54348.0,51,6,0,0,0,0,0,0,90,8,2,70
129,4,5,77376.0,72,4,0,0,0,0,0,0,661,23,2,67
130,2,3,62998.0,10,5,0,0,0,0,0,0,463,19,1,71
131,3,1,61331.0,42,8,0,0,0,0,0,0,632,23,2,65
132,2,3,73448.0,10,4,0,0,0,0,0,0,725,19,0,54
134,4,3,41551.0,51,8,0,0,0,0,0,0,279,16,2,59
135,4,5,62981.0,21,3,0,1,0,0,0,0,1482,23,0,56
136,1,2,9548.0,31,8,0,0,0,0,0,0,29,6,1,47
137,4,3,33762.0,61,8,0,0,0,0,0,0,106,9,3,64
138,4,1,35860.0,37,5,1,0,0,0,0,0,49,6,2,50
139,4,2,36921.0,74,7,0,0,0,0,0,0,38,7,2,58
140,3,4,92859.0,46,2,0,0,0,0,0,0,2077,22,0,31
141,3,5,65104.0,4,7,0,0,0,0,0,0,1053,17,1,47
142,2,3,86111.0,73,2,0,0,0,0,0,0,1385,23,0,61
143,4,4,68352.0,47,6,0,0,0,0,0,0,871,25,1,49
144,2,5,41883.0,13,7,0,0,0,0,0,0,312,12,1,35
145,2,3,59809.0,36,8,0,0,0,0,0,0,877,15,2,47
146,2,3,23957.0,47,6,0,0,0,0,0,0,68,6,1,48
147,2,5,38547.0,49,8,0,0,0,0,0,1,22,4,1,42
148,0,3,35688.0,94,8,0,0,0,0,0,0,211,16,3,50
149,3,3,49605.0,65,3,0,0,0,0,0,0,127,8,0,57
150,3,3,59354.0,59,3,0,0,0,0,0,0,459,16,2,70
151,2,3,65747.0,96,6,0,1,0,0,0,0,460,19,1,54
152,0,5,46344.0,28,7,0,0,0,0,0,0,429,17,1,51
153,2,1,34176.0,12,6,0,0,0,0,0,0,89,11,1,35
154,4,5,61010.0,57,5,0,0,0,0,0,0,1021,26,1,71
155,2,5,69372.0,10,4,0,1,1,0,0,0,1381,21,0,74
156,2,4,49967.0,4,7,0,0,0,0,0,0,306,15,1,65
157,2,4,60199.0,49,4,0,0,0,0,0,0,18,4,3,45
158,2,5,55375.0,3,2,0,0,0,0,0,0,162,9,1,46
159,2,4,80317.0,64,1,0,0,0,0,0,0,1231,18,0,68
160,3,4,30523.0,0,7,0,0,0,0,0,0,13,4,3,65
161,4,3,70356.0,20,6,0,0,0,0,0,0,1706,27,0,78
162,2,3,23228.0,91,8,0,0,0,0,0,0,121,11,1,39
163,4,2,74165.0,9,2,0,0,0,0,0,0,1293,20,0,48
164,4,3,157243.0,98,0,0,0,0,0,0,0,1608,37,1,50
165,2,5,43482.0,83,6,0,0,0,0,0,0,88,9,3,57
166,2,2,62551.0,27,3,1,0,0,0,0,0,421,18,0,70
167,2,2,52332.0,63,4,0,1,0,0,0,0,259,12,0,64
168,2,4,66951.0,46,1,0,0,0,0,0,0,1117,15,0,35
169,2,5,26091.0,84,5,0,0,0,0,0,0,89,9,2,66
170,2,5,33456.0,58,7,0,0,0,0,0,0,36,6,2,58
171,2,3,28718.0,78,8,0,0,0,0,0,0,57,7,1,41
172,2,3,50447.0,4,6,0,0,0,0,0,0,148,8,2,53
173,4,5,53537.0,17,5,0,0,0,0,0,0,93,8,2,64
174,2,4,52074.0,77,4,1,0,0,0,0,0,119,7,1,56
175,4,3,80427.0,56,5,0,0,0,0,0,0,1835,28,1,48
176,4,3,83837.0,79,4,0,1,0,1,0,0,1318,25,0,75
177,4,3,38853.0,90,7,0,0,0,0,0,0,45,7,2,53
178,2,5,38285.0,96,2,0,0,0,0,0,0,10,4,3,64
179,0,3,78497.0,44,2,0,0,0,1,0,0,978,25,0,72
180,4,3,51650.0,81,5,0,0,0,0,0,0,191,10,1,47
181,0,3,16248.0,77,6,0,0,0,0,0,0,57,9,1,35
182,3,3,66835.0,21,2,0,0,0,0,0,0,1033,24,0,77
183,3,3,30477.0,16,6,0,0,0,0,0,0,66,6,1,39
184,1,3,28249.0,80,6,0,0,0,0,0,0,43,6,0,62
185,2,3,25271.0,45,9,0,0,0,0,0,0,50,5,1,40
186,4,4,32303.0,63,5,0,0,0,0,0,0,39,7,1,53
187,2,3,61286.0,34,5,0,0,0,0,0,0,608,18,1,57
188,2,3,74068.0,14,2,0,0,0,0,0,0,1581,24,0,47
189,4,3,45759.0,13,7,0,0,0,0,0,0,68,7,2,59
190,1,5,24882.0,52,6,1,0,0,0,0,0,80,5,1,45
191,4,5,66973.0,98,3,0,0,0,0,0,0,1282,28,0,34
192,0,2,36640.0,99,5,0,0,0,0,0,1,65,6,1,123
193,2,3,38872.0,93,8,0,0,0,0,0,0,91,8,1,35
194,2,3,51148.0,38,6,0,0,0,0,0,0,315,16,2,50
195,2,3,31353.0,24,8,0,0,0,0,0,0,31,6,2,46
196,3,3,69661.0,80,3,0,0,0,0,0,0,834,23,0,43
197,2,3,80067.0,82,2,0,0,1,0,0,0,1600,17,0,69
198,2,3,86718.0,20,2,0,0,0,0,0,0,1270,17,0,69
199,4,4,46854.0,81,8,1,0,0,0,0,0,263,15,2,50
200,2,2,69142.0,50,5,0,1,0,0,0,0,535,19,1,71
201,2,4,75922.0,60,1,0,0,0,0,0,0,1295,18,0,55
202,2,2,63693.0,63,6,0,0,0,0,0,0,1150,29,1,45
203,4,5,102160.0,54,4,0,1,1,1,0,0,1240,26,0,46
204,4,4,40637.0,72,7,0,0,0,0,0,0,38,6,2,58
205,3,4,18890.0,5,6,1,0,0,0,0,0,35,4,0,39
206,2,5,29604.0,88,9,1,0,0,0,0,0,53,5,1,35
207,3,2,48721.0,50,6,0,0,0,0,0,0,293,17,2,60
208,2,3,44794.0,99,6,0,0,0,0,0,0,65,6,1,57
209,2,2,64497.0,17,8,1,0,0,0,0,0,1804,29,1,69
210,2,5,46097.0,11,4,0,0,0,0,0,0,241,15,1,67
211,2,5,77972.0,18,1,0,0,0,0,0,0,1101,20,0,69
212,4,3,44377.0,70,8,0,0,0,0,0,0,264,19,2,55
213,3,5,46014.0,21,7,0,0,0,0,0,0,541,26,2,49
214,2,3,70951.0,66,1,0,0,0,0,0,0,1198,17,0,38
215,2,3,41443.0,79,8,0,0,0,0,0,0,482,20,1,46
216,0,4,52195.0,2,8,0,0,0,0,0,0,17,4,3,45
217,3,3,83790.0,81,3,0,1,1,0,0,0,1615,25,0,75
218,3,6,44551.0,24,7,0,0,0,0,0,0,285,12,1,69
219,2,5,69508.0,48,6,0,0,0,0,0,0,1135,28,1,43
220,0,5,45204.0,93,3,0,0,0,0,0,0,114,7,1,35
221,2,3,72460.0,56,1,0,0,0,0,0,0,1047,16,0,54
222,4,5,77622.0,3,3,0,0,0,0,0,0,714,22,2,53
223,4,3,30732.0,44,8,0,0,0,0,0,0,185,13,1,43
224,2,2,63887.0,38,6,0,0,0,0,0,0,1245,32,1,61
225,2,5,42011.0,46,8,0,0,0,0,0,0,189,12,1,45
226,2,5,51369.0,84,8,0,0,0,0,0,0,576,16,1,47
227,2,2,51537.0,27,8,0,0,0,0,0,0,1103,18,1,71
228,4,3,79930.0,72,2,0,0,0,0,0,0,1753,17,0,51
229,4,5,34320.0,66,8,0,0,0,0,0,0,17,4,1,37
230,2,4,37070.0,30,7,0,0,0,0,0,0,433,23,2,57
231,0,2,81975.0,2,7,0,0,1,0,0,0,1588,14,1,61
232,2,5,38590.0,65,8,0,0,0,0,0,0,22,4,1,52
233,2,4,15033.0,37,3,0,0,0,0,0,0,19,5,0,72
234,4,3,62745.0,89,5,0,0,0,0,0,0,1117,29,1,58
235,0,3,22212.0,49,6,0,0,0,0,0,0,69,8,1,48
236,3,5,23661.0,46,7,0,0,0,0,0,0,23,5,1,41
237,4,4,79761.0,32,3,0,0,0,0,0,0,605,19,1,65
238,2,4,7500.0,54,7,0,0,0,0,0,0,57,11,1,50
239,0,4,60182.0,23,4,0,0,0,0,0,0,22,4,1,130
240,2,6,73455.0,98,3,0,1,0,0,0,0,2088,22,0,55
241,2,5,64961.0,97,3,0,0,0,0,0,0,1009,16,1,65
242,2,4,22804.0,75,9,0,0,0,0,0,0,26,5,1,52
243,2,3,73687.0,8,2,0,0,0,1,0,0,1627,22,0,33
244,2,3,61074.0,37,7,0,0,0,0,0,0,1102,31,1,65
245,4,3,31686.0,31,6,0,0,0,0,0,0,17,6,2,59
246,2,3,80134.0,40,6,0,1,1,1,0,0,1690,16,1,51
247,2,3,75027.0,74,5,0,0,0,0,0,0,1390,21,1,70
248,4,3,67546.0,90,3,0,0,0,0,0,0,2126,20,0,35
249,3,5,65176.0,57,6,0,0,0,0,0,0,1531,25,1,54
250,3,4,31160.0,59,8,0,0,0,0,0,0,64,7,1,48
251,2,4,29938.0,52,6,0,0,0,0,0,0,26,6,1,38
252,2,2,102692.0,5,2,0,1,1,1,1,0,1112,29,0,49
253,0,5,26490.0,92,6,0,0,0,0,0,0,210,11,0,65
254,2,5,75702.0,77,8,0,0,0,0,0,0,1148,26,2,56
255,4,4,30899.0,35,6,0,0,0,0,0,0,33,6,1,49
256,4,5,63342.0,48,6,0,1,0,0,0,0,1101,19,1,62
257,2,4,45989.0,97,3,0,0,0,0,0,0,322,16,1,59
258,2,4,18701.0,95,5,0,0,0,0,0,0,44,10,2,59
259,4,4,40737.0,24,8,0,0,0,0,0,0,17,4,3,66
260,2,2,15287.0,60,7,1,0,0,0,0,0,31,6,1,44
261,4,2,69674.0,46,5,0,0,0,0,0,0,845,25,2,55
262,3,3,44159.0,85,5,0,0,0,0,0,0,275,15,1,53
263,4,3,37717.0,31,9,0,0,0,0,0,0,25,4,1,45
264,3,5,43776.0,9,8,0,0,0,0,0,0,275,17,2,71
265,3,3,38179.0,30,7,0,0,0,0,0,0,90,11,2,57
266,2,3,80124.0,47,1,1,0,0,0,0,0,1495,19,0,60
267,4,3,38097.0,70,7,1,0,0,0,0,0,184,11,2,53
268,2,3,72940.0,13,1,0,0,0,0,0,0,981,13,0,53
269,2,5,22070.0,11,6,0,0,0,0,0,0,67,8,1,53
270,2,4,69267.0,31,7,0,0,0,0,0,0,1635,14,0,70
271,3,4,31788.0,15,5,0,0,0,0,0,1,60,10,1,40
272,4,5,61905.0,2,5,0,0,0,0,0,0,231,12,1,48
273,2,3,29315.0,55,6,0,0,0,0,0,0,48,10,2,63
274,2,2,33378.0,38,7,0,0,0,0,0,0,99,9,2,60
275,4,5,66313.0,86,4,0,0,0,0,0,0,770,23,1,60
276,2,4,60714.0,56,5,0,0,0,0,0,0,957,23,0,67
277,3,5,77882.0,29,1,0,0,0,0,0,0,818,12,0,42
278,4,4,69867.0,30,1,0,0,0,1,0,0,925,17,0,37
279,3,2,63841.0,64,6,0,0,0,0,0,0,908,22,1,55
280,1,3,24480.0,46,7,0,0,0,0,0,0,102,10,1,42
281,2,5,51369.0,84,8,0,0,0,0,0,0,576,16,1,47
282,2,5,37760.0,20,7,0,0,0,0,0,0,317,13,0,77
283,4,5,65640.0,74,2,0,0,0,0,0,0,461,15,1,49
284,3,3,44319.0,18,5,0,0,0,0,0,0,37,7,2,48
285,2,3,30631.0,75,7,0,0,0,0,0,0,70,7,1,49
286,2,5,75278.0,17,3,0,0,0,0,0,0,930,23,0,71
287,3,5,50898.0,88,5,0,0,0,0,0,0,859,33,2,67
288,2,6,79946.0,19,3,0,0,0,0,0,0,1478,22,0,57
289,3,2,35416.0,62,8,0,0,0,0,0,0,390,16,0,74
290,0,5,32414.0,11,7,1,0,0,0,0,0,52,5,0,39
291,2,5,38361.0,74,7,0,0,0,0,0,0,137,10,1,54
292,2,3,82497.0,32,4,0,0,1,0,0,0,1919,19,0,43
293,2,5,16626.0,76,9,0,0,0,0,0,0,68,9,2,52
294,2,5,29672.0,6,6,0,0,0,0,0,0,25,4,2,58
295,3,5,55951.0,62,8,0,1,0,0,1,0,1374,23,1,71
296,0,2,35388.0,20,7,0,0,0,0,0,0,32,5,1,35
297,3,5,42386.0,43,8,0,0,0,0,0,0,100,7,1,37
298,2,4,68627.0,45,1,0,0,0,0,0,0,825,12,0,41
299,4,2,57912.0,34,5,0,1,0,0,0,0,916,28,1,58
300,2,2,35246.0,53,5,0,0,0,0,0,0,62,11,2,65
301,0,5,58821.0,44,6,0,0,0,0,0,0,728,21,1,67
302,4,3,46377.0,89,4,0,0,0,0,0,0,90,7,1,45
303,2,4,39747.0,43,8,0,0,0,0,0,0,273,13,1,35
304,2,5,23976.0,68,7,0,0,0,0,0,0,66,10,1,39
305,3,3,80950.0,44,2,0,0,0,1,0,0,1213,23,0,62
306,2,6,27038.0,64,9,0,0,0,0,0,0,107,7,0,57
307,2,4,77457.0,85,1,0,0,1,0,0,0,1157,18,0,76
308,3,3,64100.0,93,7,0,1,0,0,0,0,546,18,1,59
309,3,5,42670.0,12,4,0,0,0,0,0,0,241,11,0,31
310,2,2,12571.0,86,6,0,0,0,0,0,0,53,11,1,47
311,2,3,22574.0,28,7,0,0,0,0,0,0,37,7,3,56
313,3,4,70893.0,42,3,0,0,0,0,0,0,1508,23,0,47
314,2,3,54198.0,13,4,0,0,0,0,0,0,235,16,2,57
315,3,5,28839.0,86,5,0,0,0,0,0,0,32,7,2,67
316,2,3,40321.0,59,7,0,0,0,0,0,0,102,8,2,51
317,2,4,66503.0,30,3,0,0,0,0,0,0,401,15,1,38
318,2,3,30833.0,33,5,0,0,0,0,0,0,28,6,2,72
320,2,3,64795.0,23,2,0,0,0,0,0,0,680,21,1,52
321,2,3,34421.0,81,7,0,0,0,0,0,0,30,4,1,49
322,4,2,47025.0,6,7,0,0,0,0,0,0,20,4,2,58
323,4,2,64325.0,41,7,0,0,0,0,0,0,1307,23,1,62
324,2,4,40464.0,78,8,0,0,0,0,0,0,630,24,1,70
325,2,3,62187.0,49,3,0,0,0,0,0,0,1283,18,0,66
326,4,2,14849.0,39,8,0,0,0,0,0,0,65,9,1,47
327,2,3,27255.0,3,7,0,0,0,0,0,0,37,5,1,39
328,4,3,54432.0,37,4,0,0,0,0,0,0,38,5,3,73
329,4,4,29999.0,22,8,0,0,0,0,0,0,160,12,1,37
330,2,4,24072.0,79,8,0,0,0,0,0,0,23,4,1,40
331,4,4,33996.0,46,4,0,0,0,0,0,0,71,6,0,34
332,4,3,66334.0,82,5,0,0,0,0,0,0,1161,19,1,67
333,3,3,35178.0,10,7,1,0,0,0,0,0,59,5,1,52
334,2,5,22010.0,51,8,0,0,0,0,0,0,33,7,1,40
335,2,2,62204.0,38,3,0,0,0,0,0,0,946,22,2,63
336,2,2,75693.0,10,4,0,1,1,1,0,0,1442,22,0,55
337,2,3,30675.0,14,8,0,0,0,0,0,0,62,5,1,51
338,2,5,83003.0,18,3,0,0,1,0,0,0,1674,22,0,58
339,4,5,83532.0,36,1,0,0,1,0,0,0,1853,15,0,124
340,2,4,68655.0,95,3,0,0,0,0,0,0,1538,21,0,35
341,2,2,41411.0,11,6,0,0,0,0,0,0,139,8,0,37
342,4,3,55212.0,65,8,0,1,0,0,1,0,1182,20,1,54
343,4,5,59292.0,71,3,0,0,0,0,0,0,507,18,1,73
344,1,5,27190.0,13,8,1,0,0,0,0,0,18,4,1,50
345,2,2,82623.0,58,1,0,0,0,0,0,0,940,16,0,71
346,2,3,44300.0,65,6,0,0,0,0,0,0,42,6,2,58
347,2,2,84835.0,0,1,0,0,0,0,0,0,1190,15,0,53
348,2,6,30372.0,33,7,0,0,0,0,0,0,44,8,2,52
349,3,3,33181.0,90,6,1,0,0,0,0,0,16,4,1,47
350,2,3,71113.0,95,4,0,0,0,0,0,0,835,26,1,66
351,2,3,71952.0,93,4,1,0,1,0,0,0,1443,22,1,37
352,4,4,69759.0,38,3,0,0,0,0,0,0,1029,18,0,57
353,2,3,72099.0,18,1,0,0,0,0,0,0,1188,18,0,49
354,4,4,60000.0,57,6,0,0,0,0,0,0,1277,24,1,47
355,2,4,38643.0,45,7,0,0,0,0,0,1,49,7,2,45
356,2,3,50737.0,61,6,0,1,0,0,0,0,99,7,1,68
357,4,3,68462.0,6,1,0,0,0,0,0,0,1670,15,0,54
358,3,3,65073.0,65,2,0,0,0,0,0,1,900,14,0,80
359,4,5,46681.0,52,5,0,0,0,0,0,0,425,16,2,75
360,2,3,78618.0,87,2,0,1,0,0,0,0,2153,22,0,66
361,4,6,62187.0,38,4,0,0,0,0,0,0,636,21,1,54
362,2,3,28442.0,53,4,0,0,0,0,0,0,57,10,2,45
363,4,3,37717.0,31,9,0,0,0,0,0,0,25,4,1,45
364,2,3,51479.0,67,7,0,0,0,0,0,0,494,22,2,56
365,2,4,54803.0,65,4,0,0,0,0,0,0,693,19,1,54
366,2,3,79530.0,64,2,0,0,0,0,0,0,1348,26,0,63
367,2,2,31615.0,82,7,0,0,0,0,0,0,51,7,1,47
368,2,5,72025.0,27,3,0,0,0,0,0,0,1932,16,0,61
369,4,4,52614.0,63,8,0,0,0,0,0,0,990,16,1,48
370,0,3,35684.0,66,6,0,0,0,0,0,0,30,5,1,39
371,2,3,48178.0,69,8,0,0,0,0,0,0,254,16,2,48
372,3,4,29548.0,52,4,1,0,0,0,0,0,29,5,1,53
373,2,4,63810.0,45,8,0,1,0,0,0,0,1371,23,1,57
374,4,4,38578.0,2,8,0,0,0,0,0,0,73,9,2,51
375,3,4,46098.0,86,8,0,0,0,0,0,0,120,11,2,48
376,2,4,22585.0,23,9,1,0,0,0,0,0,81,5,0,53
377,2,4,30279.0,13,8,0,0,0,0,0,0,37,5,1,34
378,4,5,66426.0,14,6,0,0,0,0,0,0,1377,20,1,62
379,2,4,30822.0,92,7,0,0,0,0,0,0,51,5,1,54
380,4,3,33581.0,38,8,0,0,0,0,0,0,17,4,2,54
381,2,3,19986.0,74,7,0,0,0,0,0,0,22,4,1,38
382,2,6,27421.0,14,7,0,0,0,0,0,0,324,14,0,69
383,0,3,35688.0,94,8,0,0,0,0,0,0,211,16,3,50
384,3,4,36143.0,33,3,0,0,0,0,0,0,19,4,1,42
385,2,4,10245.0,32,5,0,0,0,0,0,0,41,8,1,52
386,3,5,43795.0,11,7,0,1,0,0,0,0,492,17,1,55
387,2,5,63381.0,78,2,0,0,0,0,0,0,1005,26,1,63
388,2,5,38823.0,56,6,0,0,0,0,0,0,114,7,1,74
389,4,2,83664.0,57,5,0,0,0,0,0,0,1173,19,2,55
390,2,5,90300.0,7,1,0,0,1,0,0,0,1738,19,0,44
391,3,5,62499.0,0,4,0,0,0,0,0,0,222,12,1,44
392,2,4,74293.0,66,2,0,0,0,0,0,0,1127,16,0,30
393,4,3,51012.0,86,6,0,0,0,0,0,0,209,10,0,77
394,3,3,70777.0,80,3,0,0,0,0,0,0,787,23,1,55
395,4,5,68682.0,56,2,0,0,0,0,0,0,1598,24,0,32
396,2,3,43824.0,18,8,0,0,0,0,0,0,186,12,2,52
397,2,5,15345.0,51,8,0,0,0,0,0,0,47,6,1,39
398,2,4,23442.0,71,7,0,0,0,0,0,0,27,5,1,36
399,0,5,14515.0,71,7,0,0,0,0,0,0,96,11,1,43
400,0,2,31395.0,80,6,0,0,0,0,0,0,64,10,2,67
401,2,5,75276.0,2,5,0,0,0,0,0,0,1040,23,0,58
402,2,4,42373.0,83,5,0,0,0,0,0,0,163,13,2,49
403,2,5,30507.0,29,7,0,0,0,0,0,0,343,11,0,63
404,4,4,55521.0,11,7,0,1,0,0,0,0,446,24,3,68
405,2,3,48006.0,55,6,0,0,0,0,0,0,41,5,2,58
406,4,4,27213.0,19,8,0,0,0,0,0,0,70,9,1,51
407,4,2,65808.0,1,6,0,0,0,0,0,0,272,14,2,52
408,4,5,30351.0,19,9,0,0,0,0,0,0,46,6,1,49
409,2,3,50437.0,28,7,0,0,0,0,0,0,490,19,2,60
410,0,4,23616.0,76,8,0,0,0,0,0,0,79,8,1,41
411,2,3,53858.0,50,4,0,0,0,0,0,0,915,17,1,47
412,4,3,66465.0,1,6,0,0,0,1,0,0,1485,35,1,68
413,2,4,46923.0,90,7,0,0,0,0,0,0,369,16,1,36
414,2,5,75072.0,83,3,0,0,0,0,0,0,1073,19,1,61
415,4,3,75865.0,73,1,0,0,0,0,0,0,1242,19,0,80
416,0,5,19789.0,24,5,1,0,0,0,0,0,78,9,1,48
417,2,5,80134.0,11,5,0,1,1,1,1,0,1378,21,0,29
418,2,4,91065.0,33,3,0,0,1,1,0,0,1474,26,0,42
419,3,3,49505.0,4,8,0,0,0,0,0,0,751,29,2,52
420,4,3,37401.0,14,7,0,0,0,0,0,0,48,7,1,50
421,2,3,30096.0,30,6,0,0,0,0,0,0,45,6,1,40
422,3,5,18492.0,75,8,0,0,0,0,0,0,10,4,1,41
423,3,3,82584.0,26,1,0,1,1,0,0,0,1435,16,0,49
424,4,3,93027.0,77,2,0,0,1,0,0,0,2119,22,0,82
425,2,3,48686.0,8,8,0,0,0,0,0,0,20,4,3,70
426,2,3,92910.0,42,1,0,1,1,1,0,0,1795,27,0,37
427,2,3,75433.0,28,6,0,1,0,1,0,0,1188,19,1,34
428,0,5,10404.0,52,5,0,0,0,0,0,0,43,7,1,34
429,2,3,61314.0,1,3,0,0,0,0,0,0,1008,24,1,55
430,4,4,84865.0,1,4,0,1,1,1,1,0,1688,16,0,62
431,2,3,42387.0,42,8,0,0,0,0,0,0,684,21,1,34
432,0,5,67309.0,76,7,0,0,0,0,0,0,1082,39,2,56
433,2,3,75236.0,27,4,0,0,0,0,0,0,1068,25,1,59
434,2,4,30015.0,28,5,0,0,0,0,0,0,57,7,1,53
435,3,5,50943.0,49,5,0,0,0,0,0,0,46,5,1,67
436,2,2,67272.0,12,5,0,0,0,0,0,0,733,23,1,57
437,3,6,51529.0,14,8,0,0,0,0,0,0,467,17,1,74
438,4,3,32011.0,89,7,0,0,0,0,0,0,122,10,1,52
439,0,3,7500.0,96,8,0,0,0,0,0,0,36,7,1,37
440,2,3,28691.0,56,8,0,0,0,0,0,0,34,5,1,34
441,4,3,56223.0,72,4,0,0,0,0,0,0,156,10,1,75
442,2,3,18100.0,14,5,0,0,0,0,0,0,14,4,0,77
443,2,4,30279.0,13,8,0,0,0,0,0,0,37,5,1,34
444,0,3,20130.0,99,8,0,0,0,0,0,0,34,5,0,49
445,2,2,23295.0,72,8,0,0,0,0,0,0,20,4,0,64
446,3,2,42618.0,92,8,0,0,0,0,0,0,192,11,1,51
447,2,4,81246.0,87,1,1,0,0,1,0,0,1379,17,0,59
448,2,3,24027.0,7,8,0,0,0,0,0,0,48,7,1,47
449,4,3,55707.0,91,3,0,0,0,0,0,0,428,16,1,70
450,2,4,57959.0,71,3,0,0,0,0,0,0,868,27,1,68
451,2,3,56796.0,24,7,0,0,0,0,0,0,1001,27,1,54
452,3,4,36230.0,17,5,0,0,0,0,0,0,59,7,1,52
453,0,3,70829.0,87,3,0,0,0,0,0,0,431,16,2,43
454,2,3,65991.0,21,7,0,0,0,0,0,0,971,27,1,47
455,2,3,38988.0,90,8,0,0,0,0,0,0,348,19,3,51
456,0,4,89572.0,44,4,0,1,0,1,0,0,2059,24,0,57
457,3,3,42207.0,71,6,1,0,0,0,0,0,265,14,1,39
458,2,3,50300.0,52,2,0,0,0,0,0,0,270,13,1,71
459,0,5,66664.0,78,3,0,0,0,0,0,0,1289,19,0,41
460,2,3,60597.0,2,7,0,0,0,1,0,0,893,16,1,59
461,2,6,70165.0,60,1,0,0,0,0,0,0,926,22,0,74
462,4,6,50520.0,25,6,0,0,0,0,0,0,135,9,1,65
463,2,3,80124.0,47,1,1,0,0,0,0,0,1495,19,0,60
464,2,3,33183.0,46,7,0,0,0,0,0,0,120,9,1,48
465,4,4,66582.0,83,1,0,0,0,0,0,0,1288,20,0,54
466,4,5,75261.0,17,2,0,1,1,0,0,0,1743,17,0,68
467,2,6,31880.0,13,8,0,0,0,0,0,0,15,4,1,53
468,2,3,53790.0,86,6,0,0,0,0,0,0,542,20,2,72
469,4,5,49269.0,92,7,0,0,0,0,0,0,890,25,1,52
470,2,3,61456.0,47,4,0,0,0,0,0,0,1388,33,1,48
471,2,3,37406.0,18,8,0,0,0,0,0,0,17,4,1,43
472,4,5,56937.0,81,6,0,1,0,0,0,0,906,30,1,42
473,2,3,38415.0,91,7,0,0,0,0,0,0,44,6,2,45
474,2,4,20518.0,58,5,0,0,0,0,0,0,25,5,1,35
475,2,3,62503.0,40,5,0,0,0,0,0,0,973,26,1,67
476,4,4,41644.0,67,3,0,0,0,0,0,0,31,6,2,51
477,3,3,55842.0,19,5,0,0,0,0,0,0,518,17,1,46
478,4,3,62010.0,93,5,0,0,0,0,0,0,530,19,1,51
479,2,3,41124.0,41,8,0,0,0,0,0,0,506,21,1,46
480,3,3,38961.0,60,7,0,0,0,0,0,0,70,6,1,50
481,3,2,37760.0,54,6,0,0,0,0,0,0,54,6,1,51
482,2,4,32233.0,26,9,1,0,0,0,0,0,296,12,1,49
483,2,3,43057.0,30,5,0,0,0,0,0,0,266,15,1,48
484,3,5,83151.0,93,3,0,0,0,0,0,0,747,19,0,63
485,4,2,78825.0,35,3,0,0,0,0,0,0,895,29,0,59
486,3,5,65104.0,4,7,0,0,0,0,0,0,1053,17,1,47
487,2,3,60093.0,92,6,0,0,0,0,0,0,735,21,1,49
488,2,3,14045.0,24,7,0,0,0,0,0,0,20,5,1,54
489,0,6,28457.0,96,8,0,0,0,0,0,0,205,10,0,71
490,4,5,78952.0,11,6,0,0,0,0,0,0,2092,21,1,65
491,2,2,46310.0,99,8,0,0,0,0,0,0,309,14,1,47
492,2,5,76005.0,72,6,0,0,0,1,0,0,1722,22,0,68
493,3,4,58308.0,77,8,0,0,0,0,0,0,900,15,1,59
494,4,2,55614.0,85,7,0,1,0,0,0,0,682,20,0,79
495,3,2,59432.0,88,5,0,0,0,0,0,0,663,22,1,61
496,2,2,55563.0,22,3,0,0,0,0,0,0,43,6,1,45
497,4,5,78642.0,83,6,0,0,0,0,0,0,1816,18,1,52
498,4,5,67911.0,63,3,0,0,0,0,0,0,976,27,1,74
499,2,3,65275.0,9,2,0,0,0,0,0,0,746,21,0,79
500,2,5,27203.0,92,8,0,0,0,0,0,0,64,6,2,73
501,3,5,48330.0,2,5,0,0,0,0,0,0,32,5,1,62
502,1,3,24279.0,6,8,0,0,0,0,0,0,263,9,0,33
503,4,3,64355.0,66,8,0,0,0,0,0,0,1445,21,1,38
504,3,5,50943.0,49,5,0,0,0,0,0,0,46,5,1,67
505,2,6,53653.0,29,6,0,0,0,0,0,0,1210,28,0,70
506,2,3,65665.0,77,3,0,0,0,0,0,0,945,24,1,47
507,2,4,81217.0,77,1,0,0,0,0,0,0,1157,22,0,34
508,2,3,34935.0,71,7,0,0,0,0,0,0,137,8,0,31
509,2,2,61250.0,49,5,0,0,0,0,0,0,730,25,1,64
510,4,5,39665.0,97,7,1,0,0,0,0,0,216,12,1,42
511,2,4,60152.0,6,3,0,0,0,0,0,0,943,23,1,44
512,2,3,48920.0,93,7,0,1,0,0,0,0,347,16,2,59
513,3,5,89120.0,78,1,0,0,1,0,0,0,1924,19,0,64
514,4,5,44124.0,62,8,0,0,0,0,0,0,397,17,1,77
515,3,4,81169.0,47,2,0,0,0,0,0,0,2089,22,0,48
516,2,3,36443.0,9,8,0,0,0,0,0,0,138,11,2,62
517,2,4,26095.0,77,7,0,0,0,0,0,0,42,5,1,33
518,2,5,71367.0,24,2,0,0,0,0,0,0,777,17,0,64
519,3,3,80184.0,19,3,0,0,1,1,0,0,1902,20,0,79
520,2,2,30630.0,67,7,0,0,0,0,0,0,52,7,2,58
521,3,4,73454.0,95,5,1,0,0,0,0,0,1651,13,0,36
522,2,3,42691.0,48,5,0,0,0,0,0,0,358,13,0,32
523,2,3,70503.0,73,6,0,1,1,0,0,0,1727,16,0,70
524,2,3,25545.0,35,6,0,0,0,0,0,0,210,10,1,36
525,2,3,32880.0,76,8,0,0,0,0,0,0,42,5,1,37
526,4,5,77863.0,20,2,0,0,0,0,0,0,1291,20,0,65
527,3,3,50353.0,72,3,0,0,0,0,0,0,442,15,0,46
528,2,4,61839.0,20,8,0,0,0,0,0,0,1895,17,0,59
529,4,3,49154.0,69,6,0,0,0,0,0,0,411,19,2,63
530,0,6,47682.0,80,5,0,0,0,0,0,0,521,19,1,48
531,2,4,72679.0,65,1,0,0,0,0,0,0,1168,17,1,54
532,3,5,57954.0,52,7,0,1,0,0,0,0,493,23,2,46
533,2,3,65316.0,65,4,0,0,0,0,0,0,260,12,2,61
534,2,4,28567.0,57,6,0,0,0,0,0,0,46,7,1,41
535,3,5,47352.0,70,7,0,0,0,0,0,0,319,16,1,72
536,2,5,44931.0,0,5,0,0,0,0,0,0,96,7,1,56
537,2,2,76982.0,19,4,0,0,1,0,0,0,1062,16,0,56
538,0,5,57247.0,50,2,0,0,0,0,0,0,232,12,1,71
539,3,4,22944.0,67,7,0,0,0,0,0,0,76,9,1,42
540,0,5,25315.0,46,8,0,0,0,0,0,0,54,9,1,46
541,2,6,43638.0,37,7,0,0,0,0,0,0,201,11,1,54
542,4,4,42710.0,38,6,0,0,0,0,0,0,406,14,1,39
543,4,3,84169.0,9,3,0,1,1,0,0,0,1919,20,0,41
544,2,5,54058.0,56,3,0,0,0,0,0,0,662,20,1,47
545,0,3,24683.0,98,5,0,0,0,0,0,0,41,8,1,33
546,2,6,85620.0,68,1,0,0,0,0,0,0,1600,14,0,59
547,2,3,47850.0,72,6,0,0,0,0,0,0,134,8,1,43
548,2,3,19514.0,47,8,1,0,0,0,0,0,69,10,2,55
549,3,3,27159.0,33,6,0,0,0,0,0,0,21,6,2,50
550,0,4,39548.0,87,3,0,0,0,0,0,0,54,7,2,60
551,2,4,21474.0,0,7,1,0,0,0,0,0,91,8,1,34
552,4,4,60504.0,73,6,0,0,0,0,0,0,526,18,1,52
553,2,3,22419.0,74,8,0,0,0,0,0,0,162,8,0,60
554,3,3,81698.0,4,1,0,0,0,0,0,0,1008,25,0,74
555,2,5,43462.0,50,8,0,0,0,0,0,0,240,16,2,71
556,4,4,54880.0,57,5,0,0,0,0,0,0,795,21,1,45
557,2,3,79908.0,30,2,0,0,1,0,0,0,1772,19,0,41
558,0,3,15315.0,27,5,0,0,0,0,0,0,64,8,0,53
559,2,5,87771.0,61,6,0,1,1,1,1,0,1957,20,1,64
560,2,3,33039.0,4,5,0,0,0,0,0,0,78,7,1,45
561,2,4,81741.0,75,2,0,0,0,0,0,0,1572,19,0,43
562,3,5,71499.0,12,4,0,0,0,0,0,0,795,26,1,52
563,0,3,62466.0,13,4,0,0,0,0,0,0,889,26,1,53
564,4,2,48799.0,9,3,0,0,0,0,0,0,331,15,1,60
565,4,5,52157.0,48,4,0,0,0,0,0,0,265,12,1,73
566,2,4,66565.0,80,8,0,0,0,0,0,0,1065,19,1,61
567,3,5,29298.0,60,5,0,0,0,0,0,0,11,4,2,72
568,2,4,47691.0,43,6,0,0,0,0,0,0,21,4,1,44
569,2,5,38200.0,19,7,0,0,0,0,0,0,17,4,2,53
570,2,3,44989.0,26,6,0,0,0,0,0,0,369,16,1,49
571,4,3,38443.0,58,7,0,0,0,0,0,0,38,6,2,55
572,0,4,38593.0,42,8,0,0,0,0,0,0,177,11,1,45
573,4,5,64413.0,27,5,0,0,0,0,0,0,279,12,1,53
574,3,3,36959.0,56,8,0,0,0,0,0,0,62,7,1,42
575,4,3,61996.0,27,5,0,1,0,1,1,0,1230,21,1,46
576,2,3,51287.0,10,7,0,0,0,0,0,0,182,11,2,55
577,2,3,13260.0,48,8,0,0,0,0,0,0,49,10,2,53
578,4,5,47472.0,39,5,0,0,0,0,0,0,75,8,2,57
579,3,5,54603.0,85,7,0,0,0,0,0,0,227,16,2,67
580,4,3,45207.0,64,6,0,1,0,0,0,0,215,15,2,49
581,2,5,40689.0,69,8,0,0,0,0,0,0,444,20,1,72
582,0,5,47821.0,54,8,0,0,0,0,0,0,47,5,2,56
583,3,3,27450.0,57,7,0,0,0,0,0,0,143,7,0,72
584,2,5,39453.0,64,6,0,0,0,0,0,0,55,7,1,40
585,0,5,26850.0,10,4,0,0,0,0,0,0,63,11,2,52
586,2,6,79800.0,65,3,1,0,1,1,0,0,1867,22,0,68
587,3,3,61794.0,74,2,0,0,0,0,0,0,611,20,1,62
588,2,5,53863.0,4,7,0,1,0,0,0,0,473,18,1,68
589,2,5,24221.0,94,4,0,0,0,0,0,0,55,6,0,64
590,4,4,39684.0,41,7,0,0,0,0,0,1,81,7,1,39
591,3,3,92163.0,25,2,0,0,1,1,0,0,2086,21,0,48
592,3,4,69882.0,94,1,0,0,0,0,0,0,1478,20,0,58
593,2,5,33178.0,9,4,0,0,0,0,0,0,49,5,1,46
594,4,3,59973.0,47,1,0,0,0,0,0,0,382,15,0,51
595,3,5,17459.0,12,7,0,0,0,0,0,0,69,9,1,48
596,2,2,23910.0,80,7,0,0,0,0,0,0,67,6,1,54
597,3,3,42169.0,20,8,0,0,0,0,0,0,30,6,2,54
598,0,3,26224.0,39,6,0,0,0,0,0,0,63,9,1,45
599,2,5,31089.0,57,8,0,0,0,0,0,0,79,10,1,42
600,2,4,30081.0,27,7,0,0,0,0,0,0,42,5,1,62
601,2,5,62807.0,83,5,0,0,0,0,0,0,819,23,1,63
602,2,4,72906.0,79,1,0,0,0,0,0,0,1151,17,0,68
603,4,3,61467.0,69,5,0,0,0,0,0,0,594,20,2,75
604,3,5,49618.0,77,7,0,0,0,0,0,0,129,11,2,57
605,3,4,21888.0,15,10,0,0,0,0,0,0,213,12,1,37
606,2,6,42429.0,99,5,0,0,0,0,0,0,67,7,1,50
607,2,2,26150.0,61,7,0,0,0,0,0,0,28,5,3,67
608,1,3,30801.0,23,7,0,0,0,0,0,0,45,6,1,48
609,2,3,81168.0,84,3,0,0,0,1,0,0,1193,18,0,58
610,3,4,26877.0,74,6,0,0,0,0,0,0,268,12,0,54
611,3,6,45006.0,90,3,0,0,0,0,0,0,266,12,0,79
612,1,3,18978.0,41,8,0,0,0,0,0,0,37,5,1,50
613,2,3,22574.0,28,7,0,0,0,0,0,0,37,7,3,56
614,4,4,48240.0,73,5,0,0,0,0,0,0,882,25,0,54
615,2,3,45837.0,88,7,0,0,0,0,0,0,373,18,2,49
616,3,4,35791.0,94,8,0,0,0,0,0,0,35,6,3,58
617,4,5,162397.0,31,1,0,0,0,0,0,0,107,1,2,47
618,2,6,54162.0,31,4,0,0,0,0,0,0,42,5,2,45
619,3,3,30522.0,6,2,0,0,0,0,0,0,326,17,1,63
620,4,3,54456.0,23,6,0,0,0,0,0,0,404,17,1,62
621,2,4,31632.0,92,7,0,0,0,0,0,0,95,6,0,52
622,2,6,72298.0,52,1,0,1,1,0,0,0,939,14,0,74
623,0,4,36975.0,50,7,0,0,0,0,0,0,33,5,1,45
624,0,3,72635.0,54,3,0,0,0,1,0,0,981,21,0,68
625,2,3,13624.0,93,6,0,0,0,0,0,0,36,7,1,47
626,2,4,84196.0,56,3,0,0,0,0,0,0,1237,20,1,48
627,2,5,70971.0,28,7,0,0,0,0,0,0,1825,34,1,63
628,4,2,34487.0,94,9,0,0,0,0,0,0,103,9,2,46
629,2,4,28769.0,76,9,0,0,0,0,0,0,191,12,1,46
630,4,3,69084.0,43,8,0,0,0,0,0,0,1586,25,1,53
631,4,5,65488.0,46,1,0,0,0,0,0,0,963,14,0,65
632,0,3,62466.0,13,4,0,0,0,0,0,0,889,26,1,53
633,0,4,32218.0,27,7,1,0,0,0,0,0,93,7,0,63
634,2,4,83917.0,12,3,0,0,0,0,0,0,1587,21,0,50
635,2,2,46102.0,3,7,0,0,0,0,0,0,16,4,3,61
636,2,4,84574.0,72,5,0,0,0,0,0,0,1375,32,0,71
637,2,3,56181.0,6,4,0,0,0,0,0,0,393,14,1,61
638,3,2,63120.0,53,7,0,0,0,0,0,0,1477,26,1,73
639,2,3,73691.0,58,2,1,0,0,0,0,0,1179,18,1,52
640,2,5,63381.0,78,2,0,0,0,0,0,0,1005,26,1,63
641,4,5,76140.0,57,2,0,0,0,0,0,0,1348,21,0,75
642,4,2,62859.0,37,6,0,0,0,0,0,0,1307,23,1,64
643,2,4,45906.0,20,5,1,0,0,0,0,0,486,15,1,59
644,3,5,77632.0,73,2,0,1,1,0,0,0,2252,13,0,76
645,4,3,46463.0,56,6,0,0,0,0,0,0,235,17,2,52
646,2,5,105471.0,36,3,0,0,1,1,0,0,1724,30,0,53
647,3,2,55282.0,9,4,0,0,0,0,0,0,235,11,1,53
648,3,3,78710.0,42,4,0,0,0,0,0,0,1092,28,1,46
649,2,5,66886.0,28,5,0,0,0,0,0,0,599,17,1,65
650,3,4,98777.0,23,1,0,1,0,0,0,0,2008,19,0,63
651,2,5,29103.0,38,9,0,0,0,0,0,0,48,6,1,38
652,2,3,67445.0,63,6,0,0,0,0,0,0,1174,32,1,49
653,4,5,50616.0,71,2,0,0,0,0,0,0,67,7,1,73
654,2,2,49431.0,9,8,0,0,0,0,0,0,365,15,1,68
655,2,2,153924.0,81,0,0,0,0,0,0,0,6,0,0,48
656,2,5,61278.0,87,6,0,0,0,0,0,0,165,10,1,70
657,0,5,26490.0,92,6,0,0,0,0,0,0,210,11,0,65
658,4,5,73059.0,36,4,0,0,0,0,0,0,1095,26,1,76
659,4,4,46734.0,86,6,1,0,0,0,0,0,223,12,3,57
660,2,5,56253.0,83,6,0,0,0,0,0,0,597,22,1,60
661,2,3,19986.0,74,7,0,0,0,0,0,0,22,4,1,38
662,2,6,58330.0,87,4,0,0,0,0,0,0,1064,24,1,48
663,1,3,25965.0,29,8,0,0,0,0,0,0,74,6,0,43
664,3,5,14661.0,88,6,0,0,0,0,0,0,26,5,0,67
665,2,3,18690.0,77,8,0,0,0,0,0,0,60,5,0,64
666,4,5,45068.0,25,7,0,0,0,0,0,0,20,4,1,49
667,1,4,21063.0,34,6,0,0,0,0,0,0,59,7,1,36
668,4,3,29187.0,43,8,0,0,0,0,0,0,34,5,1,55
669,0,3,54690.0,76,3,0,0,0,0,0,0,198,12,2,52
670,4,3,59304.0,81,5,0,0,0,0,0,0,1048,28,1,59
671,3,4,59247.0,87,6,0,0,0,0,0,0,574,21,2,61
672,2,6,66731.0,33,3,0,0,0,0,0,0,1029,17,1,53
673,2,3,77353.0,38,4,0,0,0,0,0,0,670,20,1,43
674,4,4,52614.0,63,8,0,0,0,0,0,0,990,16,1,48
675,2,3,26751.0,26,8,0,0,0,0,0,0,11,4,2,49
676,4,3,81300.0,17,5,0,0,0,1,0,0,1241,21,1,60
677,2,4,70337.0,75,1,0,0,0,0,0,0,576,17,0,44
678,0,3,36145.0,13,9,1,0,0,0,0,0,172,12,1,38
679,4,4,65295.0,19,2,0,0,0,0,0,0,664,20,0,43
680,2,2,68118.0,51,6,0,0,0,0,0,0,928,23,1,60
681,2,2,68743.0,81,7,0,0,0,0,0,0,2074,30,0,56
682,0,5,41039.0,32,8,0,0,0,0,0,0,467,15,0,41
683,2,5,38946.0,84,5,0,0,0,0,0,0,257,12,1,68
684,2,5,65777.0,87,1,0,0,0,0,0,0,1146,17,0,56
685,4,2,66476.0,99,4,0,0,0,0,0,0,689,20,1,47
686,4,4,86857.0,96,2,0,0,0,0,0,0,2114,22,0,51
687,4,3,160803.0,21,0,0,0,0,0,0,0,1717,44,0,41
688,4,5,77845.0,40,1,0,0,1,1,0,0,1346,21,0,34
689,4,5,69476.0,3,2,0,0,0,0,0,0,1044,15,0,54
690,4,2,50611.0,98,6,0,1,0,0,0,0,493,22,1,63
691,2,4,61209.0,73,2,0,0,0,0,0,0,957,13,0,53
692,3,5,42315.0,90,3,0,0,0,0,0,0,270,12,1,65
693,1,5,13084.0,29,6,0,0,0,0,0,0,29,5,0,71
694,3,6,47570.0,3,7,0,0,0,0,0,0,121,9,2,74
695,3,3,61923.0,94,3,0,0,0,0,0,0,126,8,2,62
696,2,4,34824.0,65,6,0,0,0,0,0,0,23,4,0,28
697,4,4,26518.0,33,8,0,0,0,0,0,0,57,8,2,74
698,2,4,45938.0,46,6,0,0,0,0,0,0,636,20,0,62
699,2,5,78468.0,29,4,0,0,0,1,0,0,1004,28,0,63
700,2,2,78901.0,99,4,0,0,0,0,0,0,734,20,1,50
701,2,3,71427.0,26,4,0,0,0,0,0,0,614,20,2,45
702,2,2,71022.0,30,8,1,0,0,0,0,0,1453,21,1,45
703,3,4,90247.0,27,1,0,1,1,1,0,0,1621,15,0,35
704,3,2,41335.0,24,7,0,0,0,0,0,0,187,12,1,55
705,2,3,71952.0,93,4,1,0,1,0,0,0,1443,22,1,37
706,4,2,35682.0,34,2,0,0,0,0,0,0,57,6,1,53
707,2,2,43185.0,88,8,0,0,0,0,0,0,637,20,1,72
708,4,5,66375.0,96,7,1,0,0,0,0,0,948,14,1,75
709,3,3,35178.0,10,7,1,0,0,0,0,0,59,5,1,52
710,2,3,25252.0,26,8,0,0,0,0,0,0,18,4,1,37
711,3,4,55250.0,49,5,0,0,0,0,0,0,903,26,1,58
712,2,4,33249.0,11,6,0,0,0,0,0,0,112,8,1,48
713,2,5,58398.0,44,4,0,0,0,0,0,0,596,20,0,70
714,2,5,50272.0,75,7,0,0,0,0,0,0,233,13,1,41
715,4,3,76618.0,64,1,0,0,0,0,0,0,1511,11,0,48
716,0,2,87305.0,19,2,0,0,1,0,0,0,1152,17,0,63
717,2,5,25851.0,45,7,0,0,0,0,0,0,48,7,1,45
718,2,2,58710.0,77,6,0,0,0,0,0,0,1185,31,1,53
719,2,4,45160.0,9,7,0,0,0,0,0,0,21,4,2,65
720,3,3,74806.0,1,4,0,0,0,0,0,0,965,16,1,58
721,2,3,59111.0,90,7,0,0,0,0,0,0,869,21,0,69
722,4,3,18988.0,43,7,0,0,0,0,0,0,16,6,1,39
723,2,3,72190.0,79,3,0,0,0,0,0,0,1947,16,0,58
724,2,3,7500.0,19,9,1,0,0,0,0,0,71,12,1,47
725,2,3,44794.0,99,6,0,0,0,0,0,0,65,6,1,57
726,2,3,80395.0,62,2,0,0,0,1,0,0,1380,24,0,68
727,3,2,75012.0,41,1,0,0,0,0,0,0,1027,23,0,47
728,3,3,56962.0,60,7,0,0,0,0,0,0,411,21,3,58
729,2,5,89891.0,17,4,0,0,1,0,0,0,836,26,0,32
730,4,2,35946.0,24,5,0,0,0,0,0,0,11,4,2,74
731,4,5,53593.0,60,8,0,0,0,0,0,0,480,23,2,70
732,2,3,66373.0,57,3,0,0,0,0,0,0,606,23,2,45
733,4,2,45072.0,74,8,0,0,0,0,0,0,284,16,3,75
734,2,2,89694.0,22,5,0,1,1,1,0,0,1472,14,2,50
735,2,3,72025.0,46,2,0,1,1,1,0,0,1677,26,0,74
736,2,3,67432.0,69,4,0,0,0,0,0,0,1335,19,1,50
737,3,5,70545.0,29,2,0,0,0,0,0,0,334,13,1,71
738,1,3,17487.0,37,7,0,0,0,0,0,0,18,4,1,34
739,2,5,62882.0,26,4,0,0,0,0,0,0,1338,20,1,54
740,4,4,64108.0,8,5,0,0,0,0,0,0,1099,30,1,70
741,3,5,34941.0,26,8,0,0,0,0,0,0,97,8,2,67
742,4,4,48767.0,79,5,0,0,0,0,0,0,63,9,3,73
743,0,5,38702.0,71,6,0,0,0,0,0,0,109,9,1,45
744,2,3,82224.0,83,3,0,0,0,1,0,0,902,21,0,59
745,2,5,83844.0,57,1,0,0,1,0,0,0,1574,20,0,71
746,0,3,17003.0,37,5,0,0,0,0,0,0,38,9,1,48
747,2,4,71163.0,30,1,0,0,0,0,0,0,960,24,0,28
748,2,4,33697.0,34,7,1,0,0,0,0,0,28,4,1,53
749,0,3,63564.0,0,6,1,0,0,0,0,0,1215,28,0,69
750,4,5,83443.0,89,2,0,0,0,0,0,0,1497,22,0,51
751,4,5,51518.0,92,3,0,0,0,0,0,0,449,17,1,65
752,2,6,58330.0,87,4,0,0,0,0,0,0,1064,24,1,48
753,2,3,80952.0,20,8,0,1,1,1,0,0,1757,25,0,54
754,2,5,75507.0,56,3,0,0,0,0,0,0,1440,21,0,44
755,0,5,63855.0,28,4,0,0,0,0,0,0,1006,24,0,45
756,4,5,62220.0,55,6,0,0,0,0,0,0,1226,23,1,51
757,2,3,58512.0,25,8,0,0,0,0,0,0,1171,20,1,59
758,3,3,40662.0,0,4,0,0,0,0,0,0,92,8,1,44
759,4,3,38829.0,86,5,0,0,0,0,0,0,99,8,1,64
760,0,3,35523.0,8,7,0,0,0,0,0,0,66,8,1,42
761,2,4,79146.0,33,6,0,0,0,0,0,0,564,19,2,56
762,3,3,78285.0,13,3,0,0,0,0,0,0,1427,21,0,35
763,4,4,31626.0,12,7,1,0,0,0,0,0,86,6,1,45
764,2,4,75127.0,92,1,0,0,0,0,0,0,833,19,0,71
765,2,3,48726.0,90,6,0,0,0,0,0,0,242,12,1,68
766,2,3,74985.0,8,2,0,0,0,0,0,0,1869,17,0,46
767,2,5,67430.0,6,6,0,0,0,0,0,0,1364,29,0,36
768,0,3,46891.0,91,4,0,0,0,0,0,0,183,8,1,58
769,3,3,62058.0,52,6,0,0,0,0,0,0,450,18,1,67
770,2,3,72063.0,3,2,0,0,0,0,0,0,758,21,1,44
771,4,3,78939.0,57,3,0,0,0,0,0,0,1507,20,0,72
772,2,4,42720.0,9,8,0,0,0,0,0,0,654,25,2,58
773,2,3,33622.0,22,7,0,0,0,0,0,0,81,9,2,51
774,4,5,6835.0,76,20,0,0,0,0,0,0,137,1,1,66
775,2,5,41452.0,86,7,0,0,0,0,0,0,16,4,2,70
776,4,4,40760.0,64,6,0,0,0,0,0,0,93,8,1,58
777,4,5,74250.0,90,1,0,0,0,0,0,0,1158,18,0,65
778,3,4,51124.0,79,3,0,0,0,0,0,0,43,6,2,68
779,2,4,72258.0,28,2,0,0,0,0,0,0,1525,22,1,52
780,4,4,71466.0,86,1,0,0,0,0,0,0,1230,19,0,49
781,2,5,36283.0,42,4,0,0,0,0,0,0,29,6,2,47
782,2,4,20587.0,39,7,0,0,0,0,0,0,25,5,1,53
783,2,3,30467.0,8,7,0,0,0,0,0,0,24,4,1,51
784,2,5,31590.0,40,8,0,0,0,0,0,0,38,5,1,51
785,1,3,20425.0,5,7,0,0,0,0,0,0,57,7,1,37
786,3,5,17144.0,96,7,0,0,0,0,0,0,47,12,2,63
787,4,2,42564.0,28,7,1,0,0,0,0,0,813,24,1,55
788,3,3,43783.0,22,7,1,0,0,0,0,0,629,22,1,45
789,2,2,40780.0,30,9,0,0,0,0,0,0,377,17,1,47
790,3,5,62847.0,45,2,0,0,0,0,0,0,1612,14,0,78
791,4,3,82017.0,58,2,0,1,1,1,0,0,729,17,0,66
792,2,4,16813.0,49,7,1,0,0,0,0,0,50,6,0,73
793,2,3,51267.0,37,4,0,0,0,0,0,0,270,15,2,45
794,2,4,46524.0,70,3,0,0,0,0,0,0,177,9,1,62
795,3,4,45183.0,33,7,0,1,0,0,0,0,315,13,0,61
796,4,3,70421.0,98,6,0,0,0,0,0,0,767,23,1,69
797,0,2,60161.0,17,8,0,0,0,0,0,0,1071,26,1,58
798,2,5,73926.0,54,3,0,0,0,0,0,0,1580,24,0,50
799,2,3,19329.0,39,8,0,0,0,0,0,0,60,10,1,55
800,3,3,61872.0,81,4,0,0,0,0,0,0,573,21,1,53
801,2,6,46984.0,71,5,0,0,0,0,0,0,41,5,2,67
802,2,3,34838.0,62,6,0,0,0,0,0,0,170,10,2,72
803,4,4,82716.0,8,2,0,0,0,0,0,0,1167,28,0,79
804,2,3,48192.0,76,8,0,1,0,1,1,0,1526,25,0,65
805,3,3,49681.0,66,7,0,0,0,0,0,0,458,21,2,47
806,3,3,56850.0,83,2,0,0,0,0,0,0,63,6,1,52
807,2,3,55267.0,28,3,0,0,0,0,0,0,405,17,1,66
808,2,3,59666.0,87,8,0,1,0,0,0,0,1027,20,2,51
809,2,4,72504.0,43,2,0,0,0,0,0,0,1478,22,1,51
810,2,3,26872.0,0,6,0,0,0,0,0,0,72,5,0,42
811,2,4,21359.0,1,8,0,0,0,0,0,0,48,7,1,51
812,2,4,73170.0,1,2,0,0,0,0,0,0,726,16,0,48
813,3,3,52750.0,72,4,0,0,0,0,0,0,860,27,1,68
814,4,5,91820.0,72,1,0,0,0,0,0,0,1497,22,0,37
815,4,5,65968.0,12,3,0,0,0,0,0,0,495,18,1,53
816,2,3,30772.0,89,6,0,0,0,0,0,0,20,4,2,47
817,2,4,22507.0,67,9,0,0,0,0,0,0,570,19,0,69
818,2,3,65685.0,54,5,0,0,0,0,0,0,769,21,1,51
819,0,3,25804.0,34,8,0,0,0,0,0,0,55,7,1,45
820,4,4,76412.0,15,3,0,0,1,1,0,0,1808,18,0,43
821,2,3,22063.0,43,7,0,0,0,0,0,0,55,7,1,51
822,2,4,57091.0,0,5,0,0,0,0,1,0,577,18,0,62
823,2,3,22419.0,74,8,0,0,0,0,0,0,162,8,0,60
824,2,5,87771.0,61,6,0,1,1,1,1,0,1957,20,1,64
825,0,2,78353.0,51,8,0,0,0,0,0,0,1576,24,1,64
826,2,3,93404.0,97,5,0,1,1,0,0,0,1616,17,3,69
827,2,2,37859.0,75,8,0,0,0,0,0,0,36,6,3,61
828,4,6,80995.0,83,4,0,0,0,0,0,0,1482,22,1,65
829,2,5,16529.0,23,6,0,0,0,0,0,0,22,5,1,39
830,4,2,55412.0,65,5,0,0,0,0,0,0,63,6,2,47
831,2,4,48789.0,94,6,0,0,0,0,0,0,680,18,0,31
832,4,5,56575.0,42,5,0,0,0,0,0,0,542,20,2,56
833,0,5,25130.0,10,7,0,0,0,0,0,0,50,7,1,43
834,2,3,35441.0,94,8,0,0,0,0,0,0,39,6,2,56
835,2,3,71391.0,50,3,0,0,0,0,0,0,1043,28,1,67
836,3,4,49494.0,46,7,0,0,0,0,0,0,385,14,1,51
837,2,2,81702.0,98,3,0,0,0,0,0,0,1633,27,0,43
838,0,4,45889.0,42,6,0,0,0,0,0,0,46,5,1,43
839,2,4,56628.0,30,5,1,0,0,0,0,0,761,20,1,46
840,2,5,34026.0,11,5,0,0,0,0,0,0,76,9,2,73
841,2,3,40049.0,61,5,0,0,0,0,0,0,290,14,1,49
842,2,4,34176.0,12,6,0,0,0,0,0,0,89,11,1,35
843,2,3,19419.0,76,9,0,0,0,0,0,0,70,11,1,42
844,0,3,82504.0,2,1,0,0,0,0,0,0,1066,17,0,63
845,2,5,81205.0,43,2,1,0,1,0,1,0,2009,19,0,53
846,0,4,61618.0,27,3,0,0,0,0,0,0,1345,19,0,32
847,3,4,55284.0,60,5,0,0,0,0,0,0,764,23,1,67
848,2,4,49980.0,79,5,0,0,0,0,0,0,195,11,1,60
849,2,3,15072.0,96,5,0,0,0,0,0,0,53,11,2,43
850,2,4,49166.0,17,6,0,0,0,0,0,0,368,13,1,49
851,4,3,65324.0,0,4,0,0,0,0,0,0,544,20,1,69
852,0,3,82347.0,38,3,1,0,0,1,0,0,1853,25,0,66
853,4,5,30843.0,43,5,1,0,0,0,0,0,35,6,2,57
854,4,3,46374.0,1,8,0,1,0,1,0,0,446,18,1,49
855,2,4,60474.0,25,7,0,0,0,0,0,0,1180,31,1,44
856,3,3,38576.0,2,7,0,0,0,0,0,0,41,5,1,50
857,2,3,55357.0,66,5,0,0,0,0,0,0,727,22,2,38
858,2,5,37758.0,49,8,0,0,0,0,0,0,40,6,2,57
859,0,3,85710.0,5,2,0,0,1,0,0,0,1062,26,0,34
860,2,5,23228.0,71,8,0,0,0,0,0,0,40,7,1,54
861,3,5,44602.0,35,8,0,0,0,0,0,0,292,17,2,54
862,2,3,7500.0,94,6,0,0,0,0,0,0,15,4,0,36
863,0,5,38683.0,80,7,0,0,0,0,0,0,341,17,1,34
864,0,4,49514.0,61,7,0,0,0,0,0,0,369,13,1,48
865,4,5,57906.0,29,4,0,0,0,0,0,0,401,17,1,50
866,3,4,43456.0,0,5,0,0,0,0,0,0,393,17,1,57
867,3,4,19485.0,80,7,0,0,0,0,0,0,10,4,2,37
868,2,5,53172.0,54,3,0,0,0,0,0,0,486,16,1,45
869,2,5,30545.0,71,7,0,0,0,0,0,0,69,7,1,44
870,4,5,70123.0,27,3,0,1,0,0,1,0,1727,17,0,40
871,2,4,62450.0,61,3,0,1,0,0,0,0,995,16,1,64
872,2,5,21675.0,55,7,0,0,0,0,0,0,45,10,1,47
873,0,4,42395.0,35,7,0,0,0,0,0,0,182,12,2,42
874,3,5,61346.0,34,3,0,0,0,0,0,0,989,23,1,45
875,2,5,80812.0,95,2,1,0,1,1,0,0,1677,18,0,70
876,3,2,42835.0,64,6,0,0,0,0,0,0,595,23,2,52
877,2,3,39922.0,30,8,0,0,0,0,0,0,156,9,1,40
878,3,4,86424.0,12,1,0,0,0,0,0,0,1226,28,0,67
879,0,5,17117.0,96,9,0,0,0,0,0,0,128,11,1,45
880,2,4,24762.0,16,8,1,0,0,0,0,0,86,9,1,51
881,2,3,35797.0,16,8,0,0,0,0,0,0,68,7,1,48
882,2,2,36627.0,78,5,0,0,0,0,0,0,16,4,2,48
883,0,3,51111.0,83,6,0,0,0,0,0,0,55,7,2,42
884,4,4,86857.0,96,2,0,0,0,0,0,0,2114,22,0,51
885,4,5,82072.0,67,1,0,0,0,0,0,0,2018,19,0,53
886,4,4,46231.0,87,9,0,0,0,0,0,0,263,15,3,70
887,2,3,42243.0,34,7,0,0,0,0,0,0,55,7,2,64
888,2,5,51195.0,46,8,0,0,0,0,0,0,564,24,2,61
889,3,4,68092.0,7,5,0,0,0,0,0,0,1281,20,0,45
890,2,3,31814.0,73,9,1,0,0,0,0,0,83,7,1,50
891,3,6,51390.0,54,5,0,0,0,0,0,0,353,18,2,58
892,2,3,76630.0,93,1,0,0,0,0,0,0,1003,25,0,40
893,1,4,26868.0,52,7,0,0,0,0,0,0,14,4,1,32
894,4,2,48948.0,53,6,1,0,0,0,0,0,902,24,0,80
895,4,4,55260.0,81,6,0,0,0,0,0,0,1139,25,1,51
896,2,5,64090.0,8,5,0,0,0,0,0,0,797,20,1,67
897,2,2,78331.0,97,4,0,0,0,0,0,0,1638,25,1,65
898,4,3,37087.0,50,6,0,0,0,0,0,0,401,17,1,49
899,2,2,21846.0,38,8,0,0,0,0,0,0,84,11,1,37
900,2,3,81320.0,61,2,0,0,0,0,0,0,928,18,0,65
901,2,2,54137.0,46,6,0,0,0,0,0,0,203,11,1,53
902,2,5,66825.0,73,2,0,0,0,0,0,0,858,16,0,56
903,2,5,57100.0,19,3,0,0,0,0,0,0,409,13,0,50
904,2,5,58917.0,10,5,0,0,0,0,0,0,282,16,3,54
905,2,4,85072.0,94,0,0,0,0,0,0,0,1423,18,0,46
906,2,4,86429.0,10,2,0,0,0,1,0,0,1449,18,0,62
907,2,6,45684.0,37,7,0,0,0,0,0,0,28,4,1,52
908,2,5,47889.0,94,5,0,0,0,0,0,0,67,6,1,49
909,4,3,45921.0,23,4,0,0,0,0,0,0,199,10,0,37
910,4,4,78420.0,75,1,0,0,0,0,0,0,1453,22,0,57
911,2,5,75114.0,40,2,0,0,0,0,0,0,1253,19,0,31
912,4,6,52278.0,24,8,0,0,0,0,0,0,1198,31,1,60
913,3,3,35641.0,11,7,0,0,0,0,0,0,178,10,1,51
914,2,4,95529.0,29,3,0,0,1,0,0,0,1990,18,0,29
915,2,3,62820.0,51,1,0,0,0,0,0,0,976,14,0,69
916,3,5,73113.0,86,2,0,0,0,0,0,0,1001,15,0,63
917,4,3,84169.0,9,3,0,1,1,0,0,0,1919,20,0,41
918,0,4,42607.0,30,3,0,0,0,0,0,0,350,14,1,69
919,4,4,74637.0,73,3,0,0,0,1,0,0,1650,25,0,69
920,4,5,46015.0,25,7,1,0,0,0,1,0,46,5,2,68
921,2,4,72354.0,67,1,0,0,0,0,0,0,1228,19,0,30
922,3,4,39858.0,67,6,0,0,0,0,0,0,95,7,1,54
923,4,3,34469.0,58,4,0,0,0,0,0,0,62,9,2,75
924,2,5,83033.0,82,5,0,0,0,1,0,0,1761,26,1,37
925,3,5,24401.0,98,8,0,0,0,0,0,0,467,16,0,44
926,2,3,77583.0,93,2,0,0,0,1,0,0,1149,19,0,45
927,0,4,74116.0,53,2,0,1,0,0,0,0,2052,19,0,41
928,2,4,74293.0,66,2,0,0,0,0,0,0,1127,16,0,30
929,4,3,68397.0,6,3,0,0,0,0,0,0,1416,21,1,47
930,4,5,79632.0,42,2,0,0,0,0,0,0,1113,20,0,49
931,2,4,46107.0,78,3,0,0,0,0,0,0,125,7,1,34
932,4,4,64950.0,29,7,0,1,0,0,0,0,966,25,1,72
933,1,3,25443.0,82,8,0,0,0,0,0,0,32,5,1,34
934,2,4,75127.0,92,1,0,0,0,0,0,0,833,19,0,71
935,4,5,32892.0,78,8,0,0,0,0,0,0,46,8,1,52
936,2,5,71796.0,54,4,0,0,0,0,0,0,960,17,0,52
937,4,3,67536.0,45,8,0,0,0,1,0,0,1829,30,1,53
938,2,4,55239.0,59,5,0,0,0,0,0,0,779,26,1,52
939,4,2,60554.0,8,6,0,0,0,0,0,0,811,23,1,48
940,0,4,64831.0,51,6,0,0,0,0,0,0,1120,22,2,71
941,4,5,56067.0,51,5,0,0,0,0,0,0,725,20,1,61
942,2,2,82025.0,76,1,0,0,1,0,0,0,1187,12,0,40
943,2,5,94384.0,62,2,0,1,1,1,0,0,2302,18,0,70
944,1,4,14906.0,86,7,0,0,0,0,0,0,66,9,0,37
945,4,3,51563.0,60,8,0,1,1,0,0,0,1250,19,0,36
946,0,3,57937.0,56,3,0,0,0,0,0,0,683,20,1,41
947,2,2,68274.0,83,3,0,0,0,0,0,0,305,13,2,44
948,2,5,39771.0,92,4,0,0,0,0,0,0,50,6,1,46
949,0,2,67893.0,31,8,0,0,0,0,0,0,995,16,1,48
950,4,5,27922.0,80,4,0,0,0,0,0,0,41,6,1,44
951,4,5,52190.0,39,5,1,0,0,0,0,0,77,9,2,47
952,3,2,44051.0,20,6,0,0,0,0,0,0,171,12,2,50
953,4,4,42767.0,53,8,0,0,0,0,0,0,131,7,2,52
954,3,5,46106.0,84,6,0,0,0,0,0,0,54,5,2,47
955,4,3,16927.0,50,8,0,0,0,0,0,0,53,12,2,47
956,2,3,59754.0,96,5,0,0,0,0,0,0,475,16,1,58
957,2,4,53700.0,94,5,0,0,0,0,0,0,694,22,1,71
958,2,3,59041.0,25,5,0,0,0,0,0,0,96,8,2,50
959,4,2,54237.0,48,6,0,0,0,0,0,0,361,16,1,66
960,2,2,70647.0,65,2,0,0,0,0,0,0,1079,26,1,56
961,4,4,52597.0,69,5,0,0,0,0,0,0,578,20,1,61
962,3,5,41021.0,12,6,0,0,0,0,0,0,64,7,1,54
963,4,3,40233.0,84,6,0,0,0,0,0,0,149,13,1,48
964,2,3,50183.0,47,5,0,0,0,0,0,0,231,17,2,43
965,2,5,54753.0,87,4,0,0,0,0,0,0,728,21,1,64
966,2,3,92955.0,35,2,0,0,1,1,0,0,1778,23,0,50
967,2,3,33471.0,47,7,0,0,0,0,0,0,93,10,1,50
968,4,3,34596.0,48,8,0,0,0,0,0,0,23,4,1,49
969,2,5,44010.0,46,9,0,0,0,0,0,0,662,24,1,43
970,2,3,84219.0,27,1,0,0,0,0,0,0,1198,18,0,35
971,4,5,40706.0,37,7,0,0,0,0,0,0,81,11,3,55
972,0,3,15716.0,8,8,0,0,0,0,0,1,92,10,1,35
973,0,2,59052.0,29,5,0,0,0,0,0,0,491,18,1,64
974,3,5,80573.0,85,2,0,0,0,0,0,0,1564,24,0,52
975,2,3,83715.0,2,0,0,0,0,0,0,0,926,24,0,61
976,3,5,82576.0,66,1,0,0,1,0,0,0,1910,19,0,64
977,3,3,56962.0,60,7,0,0,0,0,0,0,411,21,3,58
978,2,3,35704.0,54,4,0,0,0,0,0,0,94,9,2,71
979,2,5,53103.0,70,7,1,0,0,0,0,0,1085,28,1,69
980,0,6,46779.0,55,4,0,0,0,0,0,0,23,4,2,63
981,2,2,4861.0,20,14,0,0,0,0,0,0,6,0,0,58
982,3,2,33462.0,78,7,0,0,0,0,0,0,54,6,1,44
983,2,2,63693.0,63,6,0,0,0,0,0,0,1150,29,1,45
984,2,3,80763.0,17,3,0,0,1,1,0,0,1415,23,0,73
985,4,3,65352.0,43,4,0,0,0,0,0,0,405,16,1,49
986,4,3,82170.0,13,2,0,0,0,0,0,0,1908,19,0,45
987,2,3,75759.0,46,5,1,0,1,1,0,0,2486,26,0,54
988,0,4,79689.0,65,2,0,0,0,0,0,0,1315,27,0,47
989,4,6,35340.0,1,5,0,0,0,0,0,0,45,7,2,67
990,2,2,85683.0,6,1,0,1,1,1,1,0,1789,17,0,69
991,0,3,24884.0,32,7,0,0,0,0,0,0,19,4,1,51
992,3,5,42021.0,34,9,1,0,0,0,0,0,573,22,1,42
993,2,4,64449.0,70,4,0,0,0,0,0,0,805,24,1,34
994,2,2,64587.0,49,3,0,0,0,0,0,0,108,8,2,69
995,2,4,34824.0,65,6,0,0,0,0,0,0,23,4,0,28
996,2,5,75437.0,25,6,0,0,0,1,0,0,1493,23,0,45
997,2,5,26091.0,84,5,0,0,0,0,0,0,89,9,2,66
998,2,3,52845.0,7,6,1,0,0,0,0,0,936,25,1,50
999,2,2,46086.0,34,4,0,0,0,0,0,0,343,16,1,67
1000,4,6,78028.0,38,7,0,1,1,0,0,0,528,20,1,67
1001,4,4,95169.0,1,1,0,0,1,1,0,0,1901,12,0,36
1002,0,3,56337.0,25,8,1,0,0,1,0,0,724,22,2,42
1003,2,5,22434.0,25,8,0,0,0,0,0,0,58,7,1,36
1004,4,3,36930.0,50,8,0,0,0,0,0,0,297,16,1,69
1005,2,4,36130.0,46,4,1,0,0,0,0,0,488,21,1,69
1006,3,3,65569.0,96,3,0,0,0,0,0,0,859,23,1,70
1007,2,5,83844.0,57,1,0,0,1,0,0,0,1574,20,0,71
1008,2,3,19514.0,47,8,1,0,0,0,0,0,69,10,2,55
1009,4,4,36736.0,52,6,0,0,0,0,0,0,17,4,2,60
1010,2,5,77568.0,30,5,0,1,1,1,0,0,2194,21,1,44
1011,4,5,49187.0,63,2,0,0,0,0,0,0,116,8,1,47
1012,2,4,30168.0,51,9,0,0,0,0,0,0,279,18,1,45
1013,3,5,34053.0,14,8,0,0,0,0,0,0,103,7,1,55
1014,3,3,38196.0,20,5,0,0,0,0,0,0,44,9,2,52
1015,3,3,59412.0,56,3,0,0,0,0,0,0,406,15,0,72
1016,0,3,70924.0,41,3,0,0,1,0,0,0,1363,20,0,58
1017,2,5,54165.0,72,2,0,0,0,0,0,0,236,11,0,54
1018,2,3,32300.0,1,8,0,0,0,0,0,0,39,5,1,50
1019,2,4,20180.0,27,7,0,0,0,0,0,0,137,8,0,47
1020,2,3,34961.0,77,7,0,0,0,0,0,0,79,10,1,50
1021,4,5,28440.0,87,8,0,0,0,0,0,0,63,6,1,49
1022,4,5,64504.0,81,7,0,0,0,0,0,0,1314,25,3,70
1023,3,5,33564.0,51,5,0,0,0,0,0,0,71,6,1,57
1024,2,3,17345.0,79,8,0,0,0,0,0,0,58,7,1,45
1025,4,3,56320.0,11,4,0,0,0,0,0,0,702,21,1,56
1026,2,4,28647.0,54,7,1,0,0,0,0,0,94,7,1,45
1027,1,4,15038.0,93,9,0,0,0,0,0,0,80,7,1,36
1028,4,2,32173.0,0,4,0,0,0,0,0,0,22,5,1,65
1029,0,5,68316.0,54,6,0,0,0,0,0,0,1211,32,1,59
1030,2,5,74538.0,21,3,0,0,1,0,0,0,1461,22,0,52
1031,2,4,91700.0,58,3,0,0,0,0,0,0,1968,20,0,52
1032,2,5,68695.0,3,2,0,0,0,0,0,0,1091,16,0,54
1033,0,3,31056.0,99,8,0,0,0,0,0,0,55,5,1,46
1034,2,3,79593.0,70,2,0,0,1,0,0,0,1366,19,0,50
1035,2,4,28071.0,65,8,0,0,0,0,0,0,313,13,0,43
1036,4,5,37334.0,44,4,0,0,0,0,0,0,62,11,2,65
1037,3,4,46423.0,6,7,0,0,0,0,0,0,92,9,2,51
1038,4,3,37126.0,9,6,1,0,0,0,0,0,72,6,1,52
1039,2,3,47703.0,95,5,0,0,0,0,0,0,655,21,1,70
1040,2,3,61180.0,70,3,1,0,0,0,0,0,704,18,1,64
1041,2,3,38998.0,92,8,0,0,0,0,0,1,54,8,2,69
1042,2,4,8028.0,62,19,0,0,0,0,0,0,178,16,0,32
1043,2,5,76081.0,85,2,0,0,0,1,0,0,1033,14,0,61
1044,2,5,34728.0,2,6,0,0,0,0,0,0,36,5,1,37
1045,3,4,33168.0,0,7,0,0,0,0,0,0,122,10,1,58
1046,3,3,33585.0,91,4,0,0,0,0,0,0,122,7,1,57
1047,4,3,77037.0,3,3,0,0,0,0,0,0,1123,27,1,63
1048,2,5,35196.0,68,8,0,0,0,0,0,0,497,18,1,39
1049,2,3,44529.0,98,5,0,1,0,0,0,0,691,25,1,57
1050,0,3,70924.0,41,3,0,0,1,0,0,0,1363,20,0,58
1051,4,5,28764.0,16,8,1,0,0,0,0,0,12,4,2,57
1052,4,3,69098.0,82,5,0,0,0,0,0,0,2440,25,0,74
1053,0,2,25959.0,1,6,0,0,0,0,0,0,56,7,2,53
1054,3,3,27100.0,64,7,0,0,0,0,0,0,37,5,1,40
1055,2,4,70596.0,68,2,0,0,0,0,0,0,968,21,0,38
1056,2,3,42557.0,98,8,0,0,0,0,0,0,270,15,1,49
1057,4,3,53312.0,32,7,0,0,0,0,0,0,278,12,0,72
1058,2,4,72228.0,87,3,0,0,0,0,0,0,1250,22,0,71
1059,2,5,67605.0,84,1,0,0,0,0,0,0,938,17,0,36
1060,3,3,62845.0,3,8,0,1,0,0,0,0,1178,28,2,74
1061,2,5,65196.0,34,5,1,0,0,0,0,0,1155,26,2,65
1062,4,4,42000.0,23,5,0,0,0,0,0,0,653,20,0,36
1063,4,2,35860.0,37,5,1,0,0,0,0,0,49,6,2,50
1064,4,3,65526.0,22,2,0,0,0,0,0,0,506,17,1,59
1065,2,3,16860.0,19,7,0,0,0,0,0,0,38,8,2,62
1066,2,4,83528.0,7,1,1,0,0,1,0,0,1650,23,0,31
1067,0,2,64176.0,52,6,0,0,0,0,0,0,1826,33,1,58
1068,2,2,22304.0,91,8,0,0,0,0,0,0,18,4,0,67
1069,2,3,67023.0,93,2,0,0,0,0,0,1,906,24,0,45
1070,4,5,32892.0,78,8,0,0,0,0,0,0,46,8,1,52
1071,2,5,70713.0,23,3,0,0,0,0,0,0,1477,25,1,57
1072,2,5,59925.0,83,6,0,0,0,0,0,0,766,23,1,68
1073,2,3,39722.0,92,5,0,0,0,0,0,0,47,7,1,70
1074,2,5,46610.0,4,6,0,0,0,0,0,0,467,14,0,65
1075,2,5,88347.0,32,1,0,0,0,1,0,0,2116,21,0,62
1076,4,3,87171.0,27,2,1,0,1,0,0,0,1298,25,0,42
1077,0,5,26907.0,10,7,0,0,0,0,0,0,22,6,2,47
1078,3,4,50014.0,9,5,0,0,0,0,0,0,396,15,1,55
1079,4,3,41014.0,65,7,0,0,0,0,0,0,20,4,1,45
1080,2,4,66294.0,68,2,0,0,0,0,0,0,967,13,0,58
1081,2,3,36715.0,16,9,0,0,0,0,0,0,357,19,1,52
1082,2,3,79456.0,12,3,0,0,0,0,0,0,1401,16,0,67
1083,2,5,40479.0,95,4,0,0,0,0,0,0,15,4,1,41
1084,3,4,75345.0,16,3,0,0,0,1,0,0,2087,20,0,53
1085,2,3,54233.0,46,8,0,0,0,0,0,0,981,26,1,46
1086,2,4,24163.0,3,4,0,0,0,0,0,0,17,6,2,53
1087,4,5,84460.0,80,5,0,1,1,1,1,0,523,22,0,65
1088,2,5,43776.0,77,6,0,0,0,0,0,0,23,4,1,40
1089,4,4,71691.0,0,2,0,0,0,0,0,0,1192,17,0,65
1090,4,3,85844.0,62,2,0,0,1,0,0,0,1958,20,0,50
1091,4,4,39190.0,91,5,0,0,0,0,0,0,133,9,1,49
1092,2,5,71367.0,24,2,0,0,0,0,0,0,777,17,0,64
1093,4,4,38578.0,2,8,0,0,0,0,0,0,73,9,2,51
1094,4,3,57236.0,22,3,0,0,0,0,0,0,121,10,2,58
1095,2,4,61825.0,56,4,0,0,0,0,0,0,424,15,1,44
1096,2,2,79803.0,54,1,0,0,0,0,0,0,868,13,1,65
1097,0,4,80910.0,71,1,0,0,0,0,0,0,756,15,0,37
1098,3,5,27590.0,38,7,0,0,0,0,0,0,12,4,1,41
1099,2,3,56775.0,62,5,0,0,0,0,0,0,937,25,1,44
1100,2,2,83829.0,78,1,1,0,1,1,0,0,1862,17,0,48
1101,0,3,54210.0,18,5,0,0,0,0,0,0,367,14,1,44
1102,2,3,38508.0,95,8,0,0,0,0,0,0,443,20,1,37
1103,2,5,53187.0,66,5,0,0,0,0,0,0,267,13,1,53
1104,2,3,30023.0,28,8,0,0,0,0,0,0,61,6,1,51
1105,4,4,76045.0,78,2,0,0,0,1,0,0,1323,21,0,63
1106,4,3,50870.0,13,5,0,0,0,0,0,0,63,6,1,71
1107,0,3,15315.0,27,5,0,0,0,0,0,0,64,8,0,53
1108,0,3,65463.0,17,5,0,1,0,0,0,0,562,19,1,49
1109,2,3,66480.0,71,4,0,0,0,0,0,0,312,19,2,58
1110,2,2,76773.0,79,1,0,0,0,0,0,0,1156,16,0,69
1111,0,4,81698.0,1,5,0,0,0,1,0,0,1104,16,0,40
1112,4,4,54466.0,78,5,0,0,0,0,0,0,16,4,2,50
1113,3,4,98777.0,23,1,0,1,0,0,0,0,2008,19,0,63
1114,4,4,16269.0,75,8,0,0,0,0,0,0,44,9,1,39
1115,2,5,71819.0,70,6,0,1,1,0,0,0,1574,14,1,52
1116,4,3,33569.0,10,8,1,0,0,0,0,0,63,5,1,40
1117,3,3,36262.0,24,6,1,0,0,0,0,0,426,12,0,40
1118,1,5,22634.0,47,8,0,0,0,0,0,0,96,6,0,57
1119,0,3,47025.0,98,9,0,0,0,0,0,0,635,23,1,45
1120,2,4,70566.0,4,3,0,0,0,0,0,0,757,22,1,55
1121,4,3,31605.0,15,7,0,0,0,0,0,0,125,9,1,44
1122,3,2,52034.0,67,7,0,0,0,0,0,0,332,16,2,50
1123,2,4,48526.0,32,3,0,0,0,0,0,0,135,8,1,44
1124,2,3,46734.0,40,7,0,0,0,0,0,0,330,14,1,69
1125,2,2,39552.0,54,8,0,0,0,0,0,0,384,20,2,61
1126,2,4,86358.0,78,8,0,0,0,0,0,0,1722,18,2,57
1127,2,5,46931.0,94,3,0,0,0,0,0,0,78,7,3,46
1128,1,4,16581.0,51,4,0,0,0,0,0,0,24,4,0,38
1129,0,2,63998.0,42,4,0,0,0,0,0,0,1168,25,0,71
1130,3,3,67381.0,67,7,0,1,0,0,0,0,957,17,1,72
1131,2,4,25930.0,87,7,0,0,0,0,0,0,15,4,2,56
1132,2,3,42693.0,29,5,0,0,0,0,0,0,57,5,1,45
1133,2,5,85606.0,89,3,0,0,0,1,0,0,1956,24,1,47
1134,2,4,72903.0,74,4,0,1,1,1,0,0,2013,21,0,38
1135,0,5,49669.0,97,6,0,0,0,0,0,0,326,14,1,49
1136,4,3,36778.0,63,9,0,0,0,0,0,0,77,9,2,55
1137,4,2,85696.0,88,1,0,0,0,0,0,0,1313,20,0,61
1138,3,2,10979.0,34,5,0,0,0,0,0,0,30,8,0,34
1139,2,3,49678.0,81,7,0,0,0,0,0,0,315,14,1,62
1140,3,5,56129.0,65,4,0,0,0,0,0,0,660,22,1,70
1141,2,3,37155.0,51,5,0,0,0,0,0,0,74,7,1,34
1142,0,2,21282.0,76,6,0,0,0,0,0,0,46,7,1,45
1143,4,4,33419.0,76,7,0,0,0,0,0,0,86,8,1,61
1144,2,6,63285.0,84,3,0,0,0,0,0,0,1103,25,0,78
1145,3,5,21255.0,56,4,0,0,0,0,0,0,61,11,1,49
1146,2,5,42162.0,31,6,1,0,0,0,0,0,145,9,1,42
1147,2,5,54450.0,0,8,0,0,0,0,0,0,684,31,2,67
1148,4,3,57744.0,91,8,0,0,0,0,0,0,411,16,1,69
1149,2,4,26576.0,40,9,1,0,0,0,0,0,27,4,1,37
1150,4,6,57513.0,59,6,0,0,0,0,0,0,1060,27,0,80
1151,2,5,68142.0,96,6,0,0,0,0,0,0,1459,24,1,59
1152,2,3,7500.0,61,8,0,0,0,0,0,0,18,4,1,44
1153,2,5,83145.0,14,2,0,0,1,0,0,0,1833,26,0,49
1154,3,3,54197.0,16,1,0,0,0,0,0,0,237,12,1,63
1155,4,4,23091.0,98,7,0,0,0,0,0,0,48,10,2,60
1156,2,3,46049.0,11,7,0,0,0,0,0,0,515,26,2,47
1157,2,5,56715.0,52,4,0,0,0,0,0,0,1020,15,0,49
1158,2,3,79410.0,19,1,0,0,0,0,0,0,1370,11,0,62
1159,2,3,57304.0,61,5,0,0,0,0,0,0,1026,25,1,72
1160,2,3,44375.0,73,5,0,0,0,0,0,0,301,12,1,58
1161,2,5,54450.0,0,8,0,0,0,0,0,0,684,31,2,67
1162,2,3,59594.0,74,7,0,1,0,0,0,0,499,17,1,58
1163,2,5,80685.0,55,2,0,0,0,0,0,0,1004,21,0,29
1164,4,3,40344.0,48,7,0,0,0,0,0,0,218,12,1,49
1165,2,3,62710.0,53,4,0,0,0,0,0,0,606,22,1,51
1166,0,3,48985.0,13,3,0,0,0,0,0,0,75,6,1,55
1167,2,5,35322.0,34,8,0,0,0,0,0,0,106,9,3,55
1168,2,3,77142.0,54,2,0,0,0,0,0,0,990,17,0,75
1169,2,4,81657.0,69,1,0,0,0,0,0,0,1097,16,0,54
1170,1,3,14421.0,81,5,1,0,0,0,0,0,16,4,0,27
1171,0,3,20130.0,99,8,0,0,0,0,0,0,34,5,0,49
1172,4,3,74214.0,3,5,0,0,0,0,0,0,1711,16,0,33
1173,3,3,66726.0,61,7,0,1,0,0,0,0,438,17,2,66
1174,1,5,23724.0,65,8,0,0,0,0,0,0,75,7,1,44
1175,3,3,47353.0,93,5,0,0,0,0,0,0,225,13,1,63
1176,3,3,33444.0,24,8,0,0,0,0,0,0,18,4,2,71
1177,2,3,54386.0,8,3,0,0,0,0,0,0,470,17,1,42
1178,2,2,28510.0,72,5,0,0,0,0,0,0,91,9,2,42
1179,3,4,90638.0,29,1,0,0,1,0,0,0,2525,18,0,32
1180,2,5,48070.0,33,7,0,0,0,0,0,1,504,19,1,73
1181,2,3,43140.0,68,6,0,0,0,0,0,0,235,11,1,66
1182,4,2,54959.0,55,7,0,1,0,0,0,0,1232,21,1,62
1183,1,4,15056.0,76,5,0,0,0,0,0,0,88,12,2,65
1184,2,4,26954.0,17,7,0,0,0,0,0,0,17,4,1,52
1185,2,4,22327.0,94,5,0,0,0,0,0,0,24,5,1,38
1186,2,3,44393.0,86,4,0,0,0,0,0,0,60,7,2,58
1187,4,4,62000.0,25,4,0,0,0,1,0,0,1020,26,1,71
1188,4,5,31497.0,22,8,0,0,0,0,0,0,155,10,1,61
1189,0,3,45894.0,15,5,0,0,0,0,0,0,51,5,2,49
1190,3,2,78579.0,35,3,0,0,0,0,0,0,1812,16,0,53
1191,3,6,67369.0,81,4,0,1,1,0,0,0,1461,25,1,54
1192,2,2,58401.0,55,4,0,0,0,0,0,0,96,6,1,63
1193,2,4,62307.0,94,5,0,0,0,0,0,0,160,9,1,71
1194,3,3,43641.0,50,6,0,0,0,0,0,0,139,10,2,54
1195,3,2,63841.0,64,6,0,0,0,0,0,0,908,22,1,55
1196,0,3,46891.0,91,4,0,0,0,0,0,0,183,8,1,58
1197,3,3,70091.0,11,8,0,1,0,0,0,0,1161,19,1,54
1198,4,3,78075.0,72,1,0,0,0,0,0,0,988,14,0,51
1199,0,6,59184.0,6,5,0,0,0,0,0,0,1072,27,1,62
1200,2,3,54809.0,0,4,0,0,0,0,0,0,174,12,2,46
1201,2,3,58113.0,66,7,0,0,0,0,0,1,758,22,1,64
1202,3,3,51412.0,42,4,0,0,0,0,0,0,195,11,1,65
1203,2,2,15287.0,60,7,1,0,0,0,0,0,31,6,1,44
1204,3,5,66636.0,64,1,0,0,0,0,0,0,1084,17,0,66
1205,3,3,50965.0,87,8,1,0,0,0,0,0,685,22,1,67
1206,4,3,84618.0,96,2,0,0,1,0,0,0,1672,26,0,58
1207,2,3,18351.0,1,7,0,0,0,0,0,0,43,6,0,33
1208,4,5,40451.0,54,5,1,0,0,0,0,0,49,5,2,66
1209,2,5,36317.0,53,7,0,0,0,0,0,0,133,9,1,58
1210,2,5,42213.0,96,7,0,1,0,0,0,0,363,15,1,66
1211,2,5,65748.0,58,1,0,0,0,0,0,1,545,18,1,68
1212,2,5,77044.0,12,4,1,0,0,0,0,0,1065,31,1,51
1213,2,5,74918.0,78,3,0,0,1,0,0,0,2047,21,0,54
1214,2,3,56721.0,64,6,0,0,0,0,0,0,296,15,2,51
1215,2,4,42160.0,26,6,0,0,0,0,0,0,140,11,2,48
1216,2,4,61559.0,8,3,0,0,0,0,0,0,530,17,1,58
1217,4,5,33629.0,49,9,0,0,0,0,0,0,152,13,2,60
1218,4,5,68682.0,56,2,0,0,0,0,0,0,1598,24,0,32
1219,2,4,34377.0,55,7,0,0,0,0,0,0,114,8,1,60
1220,1,4,8940.0,25,8,0,0,0,0,0,0,101,10,1,37
1221,2,3,26228.0,50,8,0,0,0,0,0,0,25,4,1,50
1222,0,2,77297.0,84,4,0,0,0,1,0,0,789,22,0,66
1223,2,3,40211.0,30,8,1,0,0,0,0,0,87,7,2,42
1224,4,6,33438.0,81,5,0,0,0,0,0,0,90,11,2,65
1225,4,3,75032.0,74,3,0,0,0,0,0,0,1215,20,1,64
1226,4,4,61284.0,76,6,0,1,0,0,0,0,811,22,0,68
1227,2,3,22518.0,36,5,1,0,0,0,0,0,61,7,1,37
1228,3,3,54730.0,64,4,0,0,0,0,0,0,405,18,1,48
1229,3,3,38452.0,62,7,0,0,0,0,0,0,72,9,2,68
1230,2,2,44421.0,53,8,0,0,0,0,0,0,189,14,2,52
1231,4,5,38197.0,86,5,0,0,0,0,0,0,40,5,1,37
1232,2,2,41986.0,15,4,0,0,0,0,0,0,63,10,1,45
1233,2,5,28427.0,67,8,0,0,0,0,0,0,52,7,1,40
1234,4,5,37395.0,47,6,0,0,0,0,0,0,39,5,1,47
1235,2,3,64722.0,47,6,0,0,0,0,0,0,805,25,1,52
1236,3,5,55249.0,81,3,0,0,0,0,0,0,130,8,1,67
1237,2,5,84906.0,98,2,0,1,1,0,1,0,1631,24,0,51
1238,2,3,28691.0,56,8,0,0,0,0,0,0,34,5,1,34
1239,2,4,44213.0,48,6,0,0,0,0,0,0,152,12,2,71
1240,1,4,25707.0,18,7,0,0,0,0,0,0,21,5,1,39
1241,4,3,59062.0,74,4,0,0,0,0,0,0,71,7,3,56
1242,2,4,76624.0,68,1,1,0,0,0,0,0,899,23,1,61
1243,3,5,66000.0,36,1,0,0,0,0,0,0,711,10,0,76
1244,4,5,27683.0,90,8,0,0,0,0,0,0,351,16,1,45
1245,2,2,1730.0,65,20,0,0,0,0,0,0,8,15,0,52
1246,1,4,7500.0,63,9,0,0,0,0,0,0,119,11,1,31
1247,2,5,40521.0,82,5,0,0,0,0,0,0,21,4,2,55
1248,4,5,20427.0,63,8,0,0,0,0,0,0,10,4,1,50
1249,2,3,65106.0,55,6,0,1,0,0,0,0,973,27,1,48
1250,4,3,69969.0,64,3,0,0,1,1,0,0,1536,13,0,58
1251,2,3,67433.0,51,4,0,1,0,0,0,0,992,28,2,71
1252,4,3,77766.0,97,6,1,0,0,0,0,0,1529,34,1,56
1253,2,3,74716.0,92,4,0,0,0,0,0,0,860,17,1,51
1254,2,2,68118.0,51,6,0,0,0,0,0,0,928,23,1,60
1255,4,3,55158.0,72,7,0,0,0,0,0,0,418,18,2,53
1256,0,3,62972.0,39,6,0,0,0,0,0,0,587,16,1,68
1257,2,3,74190.0,49,2,0,0,0,0,0,0,641,19,1,48
1258,2,3,39356.0,21,6,1,0,0,0,0,0,23,4,2,47
1259,2,5,76653.0,91,2,0,0,1,1,0,0,2279,23,0,54
1260,4,2,35860.0,37,5,1,0,0,0,0,0,49,6,2,50
1261,4,2,90687.0,98,2,0,0,1,0,0,0,1779,17,0,40
1262,3,5,73450.0,85,3,1,0,0,1,0,0,1804,27,0,41
1263,2,3,31454.0,40,8,0,0,0,0,0,0,48,8,2,63
1264,2,4,47139.0,2,7,0,0,0,0,0,0,83,7,2,71
1265,2,2,83829.0,78,1,1,0,1,1,0,0,1862,17,0,48
1266,4,3,53378.0,41,8,0,0,0,0,0,0,793,29,2,60
1267,2,5,19656.0,94,7,0,0,0,0,0,0,84,9,1,53
1268,4,3,45579.0,10,6,0,0,0,0,0,0,183,10,1,75
1269,0,4,85485.0,73,2,0,0,0,0,0,0,1383,19,0,65
1270,2,3,55956.0,22,4,0,1,0,0,0,0,999,16,0,79
1271,3,4,64191.0,30,3,0,0,0,0,0,0,825,24,1,60
1272,2,4,38808.0,21,8,1,0,0,0,0,0,246,14,1,51
1273,3,3,57183.0,51,8,0,0,0,0,0,0,610,25,2,57
1274,3,2,23748.0,97,8,0,0,0,0,0,0,76,9,1,55
1275,2,3,66303.0,56,8,0,1,0,0,0,0,1286,22,1,52
1276,3,3,37368.0,4,6,1,0,0,0,0,0,30,4,1,48
1277,2,3,40800.0,77,7,0,0,0,0,0,1,99,8,3,59
1278,2,2,71847.0,95,3,0,0,0,1,0,0,1192,22,0,45
1279,2,3,46149.0,36,5,0,0,0,0,0,0,362,18,1,48
1280,2,5,78687.0,13,2,0,0,1,0,0,0,2130,19,0,40
1281,0,2,49118.0,90,7,0,1,0,0,1,0,1229,28,0,52
1282,4,3,37633.0,49,9,0,0,0,0,0,0,38,6,2,66
1283,3,5,39767.0,18,8,0,0,0,0,0,0,485,17,0,72
1284,1,3,26997.0,89,7,0,0,0,0,0,0,434,13,0,72
1285,2,2,33986.0,43,7,0,0,0,0,0,0,44,5,1,53
1286,4,3,57091.0,82,7,0,1,0,0,0,0,496,18,1,51
1287,0,3,46831.0,84,4,0,0,0,0,0,0,78,7,2,54
1288,3,3,83151.0,80,2,1,0,1,1,0,0,2346,23,0,51
1289,2,3,52531.0,68,6,0,0,0,0,0,0,794,21,0,52
1290,2,3,15759.0,12,7,0,0,0,0,0,0,17,4,0,67
1291,2,4,22804.0,75,9,0,0,0,0,0,0,26,5,1,52
1292,0,3,43050.0,10,5,0,0,0,0,0,0,76,8,1,50
1293,4,4,42997.0,91,7,0,0,0,0,0,0,15,4,2,46
1294,4,4,48918.0,21,4,0,0,0,0,0,0,62,7,2,60
1295,3,5,60033.0,28,2,0,0,0,0,0,0,198,10,1,69
1296,4,5,34043.0,97,9,0,0,0,0,0,0,49,5,1,45
1297,2,5,57811.0,49,5,0,1,0,0,0,0,802,25,1,57
1298,2,3,78569.0,14,1,0,0,1,0,0,0,1736,15,0,77
1299,2,4,7500.0,5,6,0,0,0,0,0,0,57,10,2,45
1300,3,5,157733.0,37,1,0,0,0,0,0,0,59,2,1,52
1301,2,5,94384.0,62,2,0,1,1,1,0,0,2302,18,0,70
1302,0,3,23148.0,83,7,0,0,0,0,0,0,37,6,0,38
1303,2,2,44267.0,48,9,0,0,0,0,0,0,310,16,2,53
1304,2,3,71626.0,94,3,0,1,0,0,0,0,1305,19,0,44
1305,2,5,60894.0,61,7,0,0,0,0,0,0,832,26,1,57
1306,2,5,50200.0,70,8,0,0,0,0,0,0,401,19,2,47
1307,4,3,81051.0,43,2,0,1,1,0,0,0,1501,23,0,58
1308,2,3,65169.0,23,6,1,0,1,1,1,0,1189,28,0,41
1309,2,5,59868.0,37,6,0,0,0,0,0,0,1194,32,1,51
1310,4,3,65695.0,50,4,0,0,0,0,0,0,656,21,1,63
1311,3,4,64857.0,78,4,0,0,0,0,0,0,1540,23,0,67
1312,3,5,45143.0,74,7,0,0,0,0,0,0,311,15,1,58
1313,0,5,74805.0,14,2,0,0,0,0,0,0,820,26,1,68
1314,0,3,59060.0,77,4,0,0,0,0,0,0,274,14,1,34
1315,4,4,27238.0,39,9,0,0,0,0,0,0,57,9,2,61
1316,2,5,47009.0,89,4,0,0,0,0,0,0,448,17,1,58
1317,0,3,46094.0,62,7,0,0,0,0,0,0,44,5,2,50
1318,2,3,40321.0,59,7,0,0,0,0,0,0,102,8,2,51
1319,2,5,37235.0,68,4,0,0,0,0,0,0,61,5,1,39
1320,3,3,81843.0,13,3,0,0,0,0,0,0,1643,27,0,63
1321,3,5,46692.0,37,6,0,0,0,0,0,0,397,15,1,65
1322,2,5,77382.0,36,1,0,0,1,0,0,0,1121,26,1,55
1323,2,4,37774.0,28,9,1,0,0,0,0,1,473,16,2,46
1324,1,3,18393.0,2,8,0,0,0,0,0,0,50,8,1,49
1325,3,3,72828.0,17,7,0,0,0,0,0,0,1678,28,1,61
1326,2,3,24711.0,86,7,0,0,0,0,0,0,58,7,0,41
1327,4,3,45503.0,54,5,0,0,0,0,0,0,170,9,1,48
1328,3,4,6560.0,2,17,0,0,0,0,0,0,373,2,0,41
1329,4,5,71604.0,3,4,1,0,0,0,0,0,1196,17,0,78
1330,2,3,27244.0,84,7,0,0,0,0,0,0,101,8,1,44
1331,2,3,48752.0,8,9,0,0,0,0,0,0,316,17,2,54
1332,2,3,71434.0,4,4,0,1,0,1,0,0,1400,21,1,61
1333,2,4,90842.0,57,1,0,0,0,0,0,0,1424,27,0,75
1334,3,3,88097.0,24,9,0,1,1,1,0,0,844,20,1,45
1335,2,3,51948.0,51,5,0,0,0,0,0,0,311,13,1,48
1336,2,5,71853.0,29,1,0,0,0,0,0,0,1149,17,0,41
1337,3,3,35876.0,13,6,0,0,0,0,0,0,129,8,0,40
1338,2,6,40049.0,23,6,0,0,0,0,0,0,32,5,1,71
1339,2,4,39660.0,36,9,0,0,0,0,0,0,299,14,1,41
1340,2,5,50127.0,88,6,0,1,0,0,0,0,320,13,1,61
1341,3,3,43263.0,2,5,0,0,0,0,0,0,441,16,1,46
1342,3,3,62845.0,3,8,0,1,0,0,0,0,1178,28,2,74
1343,2,3,18929.0,15,6,0,0,0,0,0,0,85,6,0,33
1344,1,4,24367.0,58,9,0,0,0,0,0,0,24,4,1,41
1345,2,4,33249.0,11,6,0,0,0,0,0,0,112,8,1,48
1346,0,3,26887.0,27,6,0,0,0,0,0,0,30,5,1,64
1347,4,3,50150.0,32,5,0,0,0,0,0,0,410,16,0,40
1348,2,5,62061.0,12,6,0,1,0,0,0,0,800,24,1,47
1349,4,2,85696.0,88,1,0,0,0,0,0,0,1313,20,0,61
1350,4,5,76542.0,91,2,0,0,0,0,0,0,1483,23,0,67
1351,2,4,70515.0,12,2,0,0,0,0,0,0,1258,17,0,30
1352,2,5,18227.0,21,8,0,0,0,0,0,0,28,4,1,36
1353,2,3,69139.0,23,4,0,0,0,0,0,0,227,11,1,58
1354,2,3,69109.0,10,4,0,0,1,0,0,0,1555,20,0,41
1355,2,4,69627.0,35,5,0,0,0,0,0,0,861,23,1,61
1356,2,3,38136.0,69,8,1,0,0,0,0,0,103,8,1,45
1357,4,4,62159.0,68,4,0,0,0,0,0,0,634,19,0,77
1358,2,4,80695.0,85,2,0,0,0,0,0,0,1918,19,0,60
1359,3,4,33316.0,34,6,0,0,0,0,0,0,131,10,2,52
1360,2,5,58554.0,55,7,0,0,0,0,0,0,586,22,2,55
1361,1,3,17256.0,10,8,1,0,0,0,0,0,62,7,1,31
1362,2,2,53034.0,30,8,0,0,0,0,0,0,447,22,2,49
1363,0,5,52203.0,36,6,0,0,0,0,0,0,939,27,0,73
1364,0,2,59601.0,14,8,0,1,0,0,0,0,797,15,1,46
1365,3,4,75154.0,79,3,0,0,0,0,0,0,1143,16,1,65
1366,2,4,47025.0,52,6,0,0,0,0,0,0,415,17,1,47
1367,2,3,37971.0,97,8,0,0,0,0,0,0,30,5,1,50
1368,3,2,41335.0,24,7,0,0,0,0,0,0,187,12,1,55
1369,2,3,67267.0,0,2,0,0,0,0,0,0,251,11,1,65
1370,2,4,57338.0,96,5,0,0,0,0,0,0,237,12,1,48
1371,0,5,50523.0,89,6,0,0,0,0,0,0,91,8,2,63
1372,3,4,35791.0,94,8,0,0,0,0,0,0,35,6,3,58
1373,4,2,50611.0,98,6,0,1,0,0,0,0,493,22,1,63
1374,4,3,56242.0,72,6,0,0,0,0,0,0,971,28,1,54
1375,2,4,48904.0,1,8,0,0,0,0,0,0,371,17,1,63
1376,2,4,56243.0,26,5,0,0,0,0,0,0,396,20,3,48
1377,2,3,21355.0,5,6,1,0,0,0,0,0,68,7,1,38
1378,3,5,57420.0,22,7,0,1,0,0,0,0,322,15,1,52
1380,3,2,46390.0,56,7,0,0,0,0,0,0,222,10,1,68
1381,0,5,54342.0,74,6,0,0,0,0,0,0,177,12,2,67
1384,2,3,20895.0,24,9,0,0,0,0,0,0,45,6,1,50
1385,2,3,92344.0,9,1,1,0,1,0,0,0,1899,20,0,75
1387,0,5,26907.0,10,7,0,0,0,0,0,0,22,6,2,47
1388,2,5,44964.0,35,8,0,0,0,0,0,0,41,5,2,43
1389,2,5,75507.0,56,3,0,0,0,0,0,0,1440,21,0,44
1390,3,3,53761.0,7,5,0,0,0,0,0,0,325,17,2,51
1391,2,5,22682.0,51,4,0,0,0,0,0,0,95,10,1,50
1392,4,5,38887.0,17,7,0,0,0,0,0,0,42,5,1,51
1393,0,4,41658.0,30,4,0,0,0,0,0,0,72,6,2,48
1394,4,3,29791.0,21,5,0,0,0,0,0,0,20,7,1,51
1395,3,3,63915.0,2,5,0,0,0,0,0,0,789,23,2,67
1396,2,2,39996.0,85,6,0,0,0,0,0,0,15,4,2,49
1397,2,2,26759.0,65,6,0,0,0,0,0,0,59,8,1,51
1398,3,2,63841.0,64,6,0,0,0,0,0,0,908,22,1,55
1399,4,3,51039.0,11,7,0,0,0,0,0,0,417,14,2,54
1400,2,3,60544.0,92,6,0,0,0,0,0,0,289,15,2,62
1401,2,3,65685.0,54,5,0,0,0,0,0,0,769,21,1,51
1402,2,3,37716.0,4,7,0,0,0,0,0,0,188,10,1,70
1403,2,4,36864.0,53,8,0,0,0,0,0,0,354,14,1,66
1404,3,3,44511.0,39,8,0,0,0,0,0,0,727,26,1,53
1405,4,3,36947.0,49,9,0,0,0,0,0,0,146,11,2,56
1406,3,5,47352.0,70,7,0,0,0,0,0,0,319,16,1,72
1407,3,3,67087.0,40,4,0,0,0,0,0,0,794,22,1,70
1408,2,3,57045.0,40,3,0,0,0,0,0,0,454,18,1,73
1409,4,2,36957.0,43,9,0,0,0,0,0,0,152,11,2,70
1410,4,3,69389.0,17,4,0,0,0,0,0,0,797,22,1,46
1411,2,3,80134.0,40,6,0,1,1,1,0,0,1690,16,1,51
1412,3,3,43142.0,84,7,0,0,0,0,0,0,20,4,2,54
1413,2,3,80589.0,25,1,0,0,0,1,0,0,1428,21,0,79
1414,2,4,34412.0,62,9,0,0,0,0,0,0,209,11,1,33
1415,2,4,57537.0,83,4,0,0,0,0,0,0,545,19,1,44
1416,1,5,22634.0,47,8,0,0,0,0,0,0,96,6,0,57
1417,2,5,51315.0,45,2,0,0,0,0,0,0,222,10,0,75
1418,2,3,36026.0,34,6,0,0,0,0,0,0,61,7,3,51
1419,2,3,24639.0,3,6,0,0,0,0,0,0,44,9,2,50
1420,4,5,34578.0,1,6,0,0,0,0,0,0,8,4,3,51
1421,0,4,65704.0,18,1,0,0,0,0,0,0,817,23,0,51
1422,2,4,63810.0,45,8,0,1,0,0,0,0,1371,23,1,57
1423,4,5,54132.0,81,7,0,0,0,0,0,0,42,5,1,54
1424,2,3,18690.0,77,8,0,0,0,0,0,0,60,5,0,64
1425,2,3,28164.0,23,7,0,0,0,0,0,0,78,9,1,53
1426,4,3,34596.0,48,8,0,0,0,0,0,0,23,4,1,49
1427,4,3,43269.0,61,8,0,0,0,0,0,0,19,4,1,51
1428,0,4,38741.0,60,7,0,0,0,0,0,0,61,7,2,65
1429,2,4,31907.0,75,7,0,0,0,0,0,0,449,14,0,51
1430,3,3,27100.0,64,7,0,0,0,0,0,0,37,5,1,40
1431,0,2,31163.0,54,6,0,0,0,0,0,0,38,5,1,50
1432,2,3,92533.0,84,2,0,0,1,1,0,0,1131,23,0,38
1433,2,4,34853.0,75,6,0,0,0,0,0,0,34,7,2,50
1434,2,2,70844.0,16,7,0,0,0,0,0,0,294,17,2,56
1435,0,3,31086.0,79,8,1,0,0,0,0,0,48,6,2,44
1436,2,3,60544.0,92,6,0,0,0,0,0,0,289,15,2,62
1437,0,5,20491.0,16,7,0,0,0,0,0,0,30,4,0,37
1438,2,3,42523.0,96,2,0,0,0,0,0,0,125,7,0,59
1439,2,3,39922.0,30,8,0,0,0,0,0,0,156,9,1,40
1440,2,5,33402.0,60,8,0,0,0,0,0,0,70,9,2,71
1441,3,3,36408.0,11,6,0,0,0,0,0,0,22,4,2,74
1442,2,5,21645.0,75,9,0,0,0,0,0,0,65,9,1,44
1443,3,6,78427.0,36,3,0,0,0,1,0,0,1930,23,0,75
1444,2,5,82657.0,71,4,0,1,0,1,0,0,2283,23,0,77
1445,2,3,51876.0,88,1,0,0,0,0,0,0,310,13,0,65
1446,0,3,78041.0,93,2,0,0,0,0,0,0,1319,18,0,52
1447,2,3,52852.0,93,8,1,0,0,0,0,0,879,26,1,66
1448,4,5,70038.0,54,2,0,0,0,0,0,0,1244,17,0,41
1449,0,5,69401.0,41,2,0,0,0,0,0,0,690,17,1,50
1450,2,5,46053.0,46,5,0,0,0,0,0,0,209,12,1,51
1451,2,3,77343.0,28,1,0,0,0,0,0,0,1134,17,0,58
1452,2,4,73892.0,40,1,0,0,0,0,0,0,1507,23,0,70
1453,4,4,40304.0,82,7,0,0,0,0,0,0,57,6,1,56
1454,4,5,32727.0,38,8,0,0,0,0,0,0,529,17,0,58
1455,2,5,68695.0,3,2,0,0,0,0,0,0,1091,16,0,54
1456,2,2,43300.0,87,8,0,0,0,0,0,0,180,11,1,52
1457,2,5,26290.0,49,6,0,0,0,0,0,0,77,10,2,51
1458,2,4,93790.0,16,2,0,1,1,1,0,0,2349,25,0,53
1459,4,3,38410.0,65,6,0,0,0,0,0,0,534,18,0,49
1460,3,6,64866.0,9,5,0,1,0,0,0,0,556,21,1,73
1461,2,5,57957.0,24,3,0,0,0,0,0,1,637,25,1,64
1462,4,5,46015.0,25,7,1,0,0,0,1,0,46,5,2,68
1463,2,5,16531.0,43,7,0,0,0,0,0,0,44,9,1,45
1464,3,3,28072.0,10,7,0,0,0,0,0,0,47,5,1,37
1465,3,2,49476.0,29,2,0,0,0,0,0,0,795,22,1,60
1466,2,3,50725.0,45,8,0,0,0,0,0,0,586,21,1,70
1467,2,5,83844.0,57,1,0,0,1,0,0,0,1574,20,0,71
1468,4,3,41145.0,20,3,0,0,0,0,0,0,13,4,2,73
1469,2,5,67419.0,29,5,0,0,0,0,0,0,1471,25,1,53
1470,0,3,23162.0,82,6,0,0,0,0,0,0,65,8,2,53
1471,2,3,34380.0,68,8,0,0,0,0,0,0,175,12,1,46
1472,2,4,34704.0,65,5,0,0,0,0,0,0,40,5,1,57
1473,4,3,94871.0,99,7,0,1,1,0,0,0,1078,18,2,54
1474,2,3,65148.0,9,4,0,0,0,0,0,0,1115,21,1,65
1475,2,5,39898.0,20,7,0,0,0,0,0,0,134,9,1,69
1476,3,4,64857.0,78,4,0,0,0,0,0,0,1540,23,0,67
1477,4,3,59892.0,26,3,0,0,0,0,0,0,87,7,1,53
1478,3,4,41020.0,68,3,0,0,0,0,0,0,217,10,0,36
1479,4,3,57072.0,79,5,1,0,0,0,0,0,1034,27,1,62
1480,2,4,60474.0,25,7,0,0,0,0,0,0,1180,31,1,44
1481,2,5,62807.0,83,5,0,0,0,0,0,0,819,23,1,63
1482,0,5,19414.0,32,8,0,0,0,0,0,0,32,5,1,42
1483,2,3,19107.0,49,7,0,0,0,0,0,0,46,6,1,43
1484,0,5,75484.0,50,4,0,0,0,0,0,0,1159,18,1,47
1485,3,4,70379.0,84,4,0,0,0,0,0,0,860,25,1,47
1486,3,5,79419.0,96,2,0,0,0,0,0,0,1631,15,0,53
1487,4,5,64014.0,56,7,0,0,0,1,0,0,444,22,3,77
1488,2,3,76998.0,85,6,0,0,1,0,0,0,1910,29,1,68
1489,3,5,49854.0,63,6,0,0,0,0,0,0,380,18,1,51
1490,4,3,60585.0,17,5,0,0,0,0,0,0,736,30,2,52
1491,4,2,42873.0,11,8,0,0,0,0,0,0,269,15,2,73
1492,2,5,87679.0,62,4,1,0,1,1,0,0,2524,29,0,35
1493,2,5,57867.0,48,6,0,0,0,0,0,0,612,25,1,45
1494,2,3,35765.0,86,6,0,0,0,0,0,0,75,8,1,33
1495,2,3,65492.0,73,2,0,0,0,0,0,0,1045,26,0,64
1496,2,2,32952.0,36,7,0,0,0,0,0,0,55,6,1,46
1497,4,5,53374.0,34,9,1,0,0,0,0,0,1064,21,1,54
1498,2,5,71706.0,16,5,0,0,0,0,0,0,1443,25,1,64
1499,2,3,68487.0,48,4,0,0,0,0,0,0,1366,30,0,35
1500,3,5,53253.0,61,5,0,0,0,0,0,0,436,19,2,48
1501,0,2,31163.0,54,6,0,0,0,0,0,0,38,5,1,50
1502,2,3,42014.0,56,8,0,0,0,0,0,0,436,20,1,46
1503,3,3,54108.0,74,8,0,0,0,0,0,0,747,32,2,50
1504,4,4,49667.0,35,8,1,0,0,0,0,0,1396,22,0,68
1505,3,3,63206.0,65,2,0,0,1,0,0,0,928,14,0,49
1506,3,3,57136.0,48,6,0,0,0,0,0,0,642,26,2,51
1507,0,5,46772.0,88,8,1,0,0,0,0,0,1048,30,1,48
1508,4,3,78931.0,19,1,0,0,0,0,0,0,943,24,0,52
1509,2,5,53977.0,21,5,0,0,0,0,0,0,907,27,1,65
1510,2,3,84219.0,27,1,0,0,0,0,0,0,1198,18,0,35
1511,3,4,46098.0,86,8,0,0,0,0,0,0,120,11,2,48
1512,2,3,73538.0,92,7,0,0,0,0,0,0,1658,26,1,58
1513,2,3,79529.0,1,2,0,0,0,0,0,0,1638,22,0,37
1514,0,5,20981.0,14,8,0,0,0,0,0,0,73,7,0,46
1515,2,4,51766.0,74,5,0,0,0,0,0,0,275,12,1,43
1516,2,3,55759.0,84,8,0,0,0,0,0,0,854,26,1,61
1517,2,3,33039.0,4,5,0,0,0,0,0,0,78,7,1,45
1518,3,3,37787.0,50,8,0,0,0,0,0,0,106,7,1,51
1519,2,4,27242.0,2,9,0,0,0,0,0,0,106,7,1,53
1520,4,4,87188.0,73,3,0,0,0,0,0,0,1923,19,0,40
1521,2,5,69930.0,21,3,0,0,0,0,0,0,1662,22,0,52
1522,2,4,37697.0,82,6,0,0,0,0,0,0,84,7,1,47
1523,4,3,37401.0,14,7,0,0,0,0,0,0,48,7,1,50
1524,2,4,3502.0,56,14,0,0,0,0,0,0,5,0,1,50
1525,2,3,58597.0,20,7,0,0,0,0,0,0,733,32,2,47
1526,4,6,82032.0,54,1,0,0,0,0,0,0,1234,17,0,75
1527,2,5,28087.0,77,7,0,0,0,0,0,0,112,9,2,65
1528,4,4,74004.0,5,3,0,0,1,1,0,0,1658,15,0,36
1529,2,5,19740.0,65,5,0,0,0,0,0,0,55,7,1,63
1530,0,3,57036.0,33,9,1,0,0,0,0,0,1513,26,1,48
1531,0,5,53083.0,65,7,0,1,0,0,0,0,271,17,2,65
1532,4,3,69283.0,41,5,0,0,0,0,0,0,904,27,1,48
1533,3,4,46098.0,86,8,0,0,0,0,0,0,120,11,2,48
1534,0,3,23331.0,92,8,0,0,0,0,0,0,103,8,1,35
1535,0,4,23331.0,97,9,0,0,0,0,0,0,269,17,1,35
1536,2,4,9255.0,91,8,0,0,0,0,0,0,22,5,1,34
1537,4,6,67786.0,0,1,0,0,0,0,0,0,1156,16,0,64
1538,4,3,71969.0,59,8,0,1,0,0,0,0,1086,19,1,52
1539,3,4,59235.0,4,7,0,0,0,0,0,0,1128,28,1,56
1540,2,5,31928.0,5,7,0,0,0,0,0,0,72,9,1,34
1541,3,5,74881.0,48,5,0,0,0,0,0,0,964,27,2,62
1542,2,3,65819.0,99,3,0,0,0,0,0,0,1383,20,0,45
1543,4,4,51411.0,81,5,0,0,0,0,0,0,18,4,3,70
1544,2,2,51983.0,95,7,0,0,0,0,0,0,793,24,1,59
1545,3,5,42386.0,43,8,0,0,0,0,0,0,100,7,1,37
1546,0,3,30390.0,5,6,0,0,0,0,0,0,80,6,0,36
1547,2,4,30983.0,50,8,0,0,0,0,0,0,167,8,0,60
1548,2,6,66033.0,76,7,0,0,0,0,0,0,677,20,1,66
1549,0,3,37284.0,46,6,0,0,0,0,0,0,23,4,2,48
1550,3,2,57530.0,68,1,0,0,0,0,0,0,92,7,1,72
1551,0,3,76800.0,33,1,0,0,0,0,0,0,641,16,0,58
1552,2,3,63943.0,50,5,0,0,0,0,0,0,1106,17,1,67
1553,2,5,76081.0,85,2,0,0,0,1,0,0,1033,14,0,61
1554,2,3,67445.0,63,6,0,0,0,0,0,0,1174,32,1,49
1555,3,3,37054.0,89,7,0,0,0,0,0,0,25,6,2,56
1556,3,5,47175.0,81,8,1,0,0,0,0,0,240,17,2,61
1557,2,2,31859.0,77,7,0,0,0,0,0,0,20,4,1,47
1558,2,2,27215.0,50,6,0,0,0,0,0,0,102,11,3,62
1559,4,2,70179.0,10,5,0,0,0,0,0,0,1034,26,1,47
1560,2,3,39922.0,30,8,0,0,0,0,0,0,156,9,1,40
1561,3,3,49681.0,66,7,0,0,0,0,0,0,458,21,2,47
1562,2,3,24645.0,16,8,0,0,0,0,0,0,17,4,1,35
1563,2,2,79865.0,12,1,0,0,0,0,0,0,792,21,1,69
1564,2,3,44322.0,30,8,0,0,0,0,0,0,92,8,1,38
1565,2,4,47958.0,8,5,0,0,0,0,0,0,407,16,1,71
1566,3,4,63972.0,93,4,0,1,0,0,0,0,1269,23,1,59
1567,2,5,75315.0,14,2,0,0,0,0,0,0,841,23,1,69
1568,4,3,55517.0,53,9,0,0,0,0,0,0,633,23,2,73
1569,4,3,75283.0,26,4,0,0,0,0,0,0,1019,25,3,66
1570,4,4,82800.0,23,3,0,0,1,1,0,0,1315,26,0,77
1571,2,3,38998.0,92,8,0,0,0,0,0,1,54,8,2,69
1572,3,4,90638.0,29,1,0,0,1,0,0,0,2525,18,0,32
1573,3,3,27161.0,41,7,0,0,0,0,0,0,52,5,1,37
1574,2,3,42014.0,56,8,0,0,0,0,0,0,436,20,1,46
1575,4,5,38201.0,19,8,0,0,0,0,0,0,268,15,1,63
1576,2,5,45203.0,4,6,0,0,0,0,0,0,147,8,2,41
1577,4,5,81574.0,89,1,0,1,1,0,0,0,1798,18,0,76
1578,2,3,34935.0,71,7,0,0,0,0,0,0,137,8,0,31
1579,3,4,60482.0,81,7,0,0,0,0,0,0,507,17,1,47
1580,2,5,34633.0,31,6,0,0,0,0,0,0,15,4,3,67
1581,3,5,78093.0,53,1,0,0,0,0,0,0,1105,17,0,76
1582,2,2,82460.0,78,1,0,0,0,0,0,0,974,15,0,73
1583,3,5,45903.0,80,4,0,0,0,0,0,0,66,8,1,57
1584,2,2,81361.0,18,1,0,0,0,0,0,0,778,27,0,36
1585,4,2,35860.0,37,5,1,0,0,0,0,0,49,6,2,50
1586,3,5,40442.0,52,7,0,0,0,0,0,0,169,12,2,71
1587,2,3,61482.0,39,2,0,0,0,0,0,0,299,12,0,58
1588,2,3,34968.0,11,7,0,0,0,0,0,0,221,17,1,43
1589,2,3,75794.0,33,3,0,0,0,1,0,0,1682,25,0,36
1590,4,5,31497.0,22,8,0,0,0,0,0,0,155,10,1,61
1591,2,3,74268.0,83,2,0,0,0,0,0,0,892,13,0,68
1592,1,5,13724.0,43,9,1,0,0,0,0,0,58,5,1,35
1593,3,5,45143.0,74,7,0,0,0,0,0,0,311,15,1,58
1594,4,4,52569.0,54,3,0,0,0,0,0,0,95,7,1,56
1595,4,4,48432.0,3,8,0,0,0,0,0,0,424,19,1,50
1596,3,5,17144.0,96,7,0,0,0,0,0,0,47,12,2,63
1597,2,4,36108.0,68,9,1,0,0,0,0,0,339,15,1,39
1598,2,3,76445.0,2,6,0,0,0,0,0,0,1410,21,1,52
1599,4,3,36663.0,40,2,0,0,0,0,0,0,35,6,1,48
1600,3,3,53843.0,64,7,0,0,0,0,0,0,562,20,1,58
1601,3,3,90226.0,26,2,0,0,0,1,0,0,2352,24,0,67
1602,3,2,70638.0,69,3,0,1,0,0,0,0,1334,20,0,68
1603,2,5,44512.0,57,4,0,0,0,0,0,0,32,6,2,63
1604,2,3,27116.0,78,7,0,0,0,0,0,0,41,7,2,62
1605,4,3,54072.0,71,8,0,0,0,0,0,0,39,5,2,60
1606,2,3,71855.0,59,3,0,0,0,0,0,0,1141,25,1,46
1607,0,4,51250.0,28,9,1,0,0,0,0,0,710,24,1,33
1608,3,3,60432.0,61,6,0,0,0,0,0,0,401,19,1,50
1609,4,3,65526.0,22,2,0,0,0,0,0,0,506,17,1,59
1610,2,4,68655.0,95,3,0,0,0,0,0,0,1538,21,0,35
1611,0,3,12393.0,38,9,0,0,0,0,0,0,57,6,0,45
1612,2,4,64509.0,19,4,1,0,0,0,0,0,1722,19,0,33
1613,2,4,33955.0,92,8,0,0,0,0,0,0,270,15,1,48
1614,2,3,31353.0,24,8,0,0,0,0,0,0,31,6,2,46
1615,2,3,55434.0,21,4,0,0,0,0,0,0,882,24,1,39
1616,2,5,28359.0,35,7,0,0,0,0,0,0,16,4,1,40
1617,2,4,57100.0,9,3,0,0,0,0,0,0,311,14,1,36
1618,2,3,69139.0,23,4,0,0,0,0,0,0,227,11,1,58
1619,3,3,52973.0,92,8,0,0,0,0,0,0,1152,31,1,67
1620,4,5,51717.0,55,7,0,1,0,0,0,0,122,8,1,58
1621,2,3,18793.0,14,8,0,0,0,0,0,0,77,9,1,52
1622,0,5,66664.0,78,3,0,0,0,0,0,0,1289,19,0,41
1623,2,4,50664.0,64,9,0,0,0,0,0,0,561,24,2,64
1624,2,5,54414.0,49,4,0,0,0,0,0,0,211,13,2,60
1625,4,3,54549.0,8,7,0,0,0,0,0,0,233,12,1,71
1626,4,6,47111.0,35,9,0,0,0,0,0,0,1092,21,1,52
1627,4,2,41003.0,11,6,0,0,0,0,0,0,601,17,0,60
1628,2,5,19444.0,8,7,0,0,0,0,0,0,54,10,1,41
1629,0,5,36301.0,53,7,0,0,0,0,0,0,78,7,1,47
1630,4,5,73059.0,36,4,0,0,0,0,0,0,1095,26,1,76
1631,4,5,42731.0,64,5,0,0,0,0,0,0,244,13,1,54
1632,4,3,52854.0,43,5,0,0,0,0,0,0,116,9,2,64
1633,2,5,22775.0,40,8,0,0,0,0,0,0,15,4,1,45
1634,4,5,46681.0,52,5,0,0,0,0,0,0,425,16,2,75
1635,4,3,59821.0,11,8,0,0,0,0,0,0,734,26,1,68
1636,2,2,50002.0,21,7,0,0,0,0,0,0,638,19,1,69
1637,2,3,69755.0,23,1,0,0,0,0,0,0,894,22,0,78
1638,2,3,44078.0,17,5,0,0,0,0,0,0,41,7,2,54
1639,3,5,30560.0,6,7,0,0,0,0,0,0,31,5,1,47
1640,3,5,35924.0,56,5,0,0,0,0,0,0,34,5,2,54
1641,4,2,64140.0,71,5,1,0,1,0,1,0,1750,18,2,59
1642,2,5,56386.0,51,9,0,0,0,0,0,0,612,25,2,42
1643,1,5,24594.0,94,5,0,0,0,0,0,0,29,5,1,44
1644,0,5,75774.0,27,4,0,0,0,0,0,0,823,21,1,42
1645,3,2,39228.0,1,4,0,0,0,0,0,0,20,4,0,63
1646,3,3,58494.0,56,6,0,0,0,0,0,0,396,16,1,49
1647,2,4,58684.0,71,2,0,1,0,0,0,0,813,21,0,42
1648,2,2,57136.0,18,6,0,0,0,0,0,0,1179,20,0,56
1649,4,6,56551.0,48,4,0,0,0,0,0,0,138,10,2,73
1650,2,3,22448.0,86,3,0,0,0,0,0,0,55,9,1,41
1651,2,4,82014.0,48,6,0,0,0,0,0,0,1511,22,0,62
1652,2,6,34213.0,2,9,0,0,0,0,0,0,117,9,2,60
1653,2,5,157146.0,13,1,0,0,0,0,0,0,1730,28,0,46
1654,4,6,25358.0,57,6,0,0,0,0,0,0,32,6,1,76
1655,3,4,35544.0,77,7,0,0,0,0,0,0,67,6,1,45
1656,3,5,36634.0,0,7,0,0,0,0,0,0,335,15,1,69
1657,4,3,62670.0,57,3,0,0,0,0,0,0,825,22,1,69
1658,0,5,50334.0,24,6,0,0,0,0,0,0,694,23,1,51
1659,2,4,72066.0,55,2,0,0,1,1,0,0,1792,17,0,42
1660,4,4,50729.0,62,6,0,0,0,0,0,0,496,24,2,65
1661,2,5,34916.0,89,9,0,0,0,0,0,0,231,13,2,55
1662,2,2,64892.0,77,4,0,0,0,0,0,0,902,24,1,47
1663,2,4,43602.0,45,6,0,0,0,0,0,0,68,9,2,57
1664,4,4,33996.0,46,4,0,0,0,0,0,0,71,6,0,34
1665,0,4,41473.0,80,7,0,0,0,0,0,0,76,6,1,38
1666,4,3,63246.0,60,4,0,0,0,0,0,0,772,22,2,56
1667,4,3,36732.0,71,2,0,0,0,0,0,0,47,9,2,64
1668,4,3,69084.0,43,8,0,0,0,0,0,0,1586,25,1,53
1669,4,3,77766.0,97,6,1,0,0,0,0,0,1529,34,1,56
1670,4,4,37929.0,49,7,0,1,0,1,0,0,265,13,0,38
1671,2,5,86610.0,66,2,0,0,0,0,0,0,1603,18,0,72
1672,3,3,80141.0,20,6,0,0,1,0,0,0,2091,22,0,37
1673,0,3,72635.0,54,3,0,0,0,1,0,0,981,21,0,68
1674,2,3,69016.0,61,5,0,0,0,0,0,0,1533,34,1,53
1675,0,5,20193.0,18,4,0,0,0,0,0,0,82,7,0,32
1676,2,3,27573.0,45,8,0,0,0,0,0,0,244,14,1,48
1677,1,4,15862.0,26,8,0,0,0,0,0,0,36,5,1,44
1678,4,3,49544.0,0,7,0,0,0,0,0,0,404,16,1,47
1679,2,3,33228.0,28,7,0,0,0,0,0,0,71,6,1,43
1680,2,5,70440.0,49,3,0,0,0,1,0,0,1572,23,0,45
1681,2,5,38232.0,84,5,0,0,0,0,0,0,122,11,2,52
1682,4,3,22554.0,38,5,0,0,0,0,0,0,41,10,2,68
1683,4,3,23536.0,53,3,0,0,0,0,0,0,10,4,1,40
1684,2,3,49413.0,88,5,0,0,0,0,0,0,304,13,1,71
1685,2,3,42231.0,99,5,0,0,0,0,0,0,37,5,2,54
1686,3,2,78789.0,12,2,0,0,0,0,0,0,1754,16,0,43
1687,2,5,56534.0,35,8,0,1,0,0,1,0,815,25,1,55
1688,2,4,58350.0,5,6,0,0,0,0,0,0,1001,27,1,52
1689,2,4,81217.0,77,1,0,0,0,0,0,0,1157,22,0,34
1690,2,4,49090.0,45,7,0,0,0,0,0,0,688,21,1,72
1691,3,2,61787.0,71,5,0,0,0,0,0,0,1319,19,0,36
1692,4,3,18169.0,40,8,0,0,0,0,0,0,21,4,1,38
1693,0,4,24336.0,82,7,0,0,0,0,0,0,31,4,1,42
1694,2,3,18222.0,70,8,0,0,0,0,0,0,67,6,0,33
1695,2,2,62335.0,87,2,0,0,0,0,0,0,708,21,1,71
1696,0,5,42033.0,95,7,0,0,0,0,0,0,25,4,2,52
1697,4,3,86580.0,72,1,0,0,1,0,0,0,746,11,0,40
1698,4,2,41437.0,5,7,0,0,0,0,0,0,32,5,2,66
1699,3,6,73705.0,86,5,0,0,0,0,0,0,1695,25,2,72
1700,2,3,61064.0,80,6,0,0,0,0,0,0,1080,28,1,47
1701,3,3,38452.0,62,7,0,0,0,0,0,0,72,9,2,68
1702,2,4,18358.0,49,7,0,0,0,0,0,0,57,10,1,34
1703,4,5,55012.0,85,5,0,0,0,0,0,0,660,25,1,50
1704,1,5,9722.0,7,8,0,0,0,0,0,0,103,11,1,50
1705,4,3,38175.0,6,7,0,0,0,0,0,0,153,11,1,39
1706,3,5,58656.0,25,6,0,0,1,0,0,0,1220,32,1,67
1707,2,5,52117.0,55,7,0,0,0,0,0,0,279,13,1,58
1708,2,3,64813.0,81,5,0,0,0,0,0,0,745,20,1,45
1709,4,3,54222.0,98,3,0,0,0,0,0,0,264,12,1,50
1710,2,3,83512.0,31,1,1,0,1,1,1,0,2157,22,0,37
1711,3,3,77520.0,30,4,1,0,1,1,0,0,1526,23,1,64
1712,2,5,41154.0,98,5,0,0,0,0,0,0,69,6,1,45
1713,2,3,80398.0,92,3,0,0,1,0,0,0,1597,26,0,57
1714,1,4,18746.0,41,6,0,0,0,0,0,0,64,8,1,31
1715,2,5,35196.0,68,8,0,0,0,0,0,0,497,18,1,39
1716,2,4,60230.0,78,5,0,0,0,0,0,0,1067,17,1,67
1717,2,3,22108.0,46,7,0,0,0,0,0,0,31,7,2,46
1718,2,5,44392.0,71,7,0,0,0,0,0,0,211,14,2,49
1719,4,3,55424.0,6,6,1,0,0,0,0,0,877,25,1,47
1720,2,3,17688.0,82,8,0,0,0,0,0,1,11,4,1,44
1721,4,3,92491.0,71,3,0,1,1,1,0,0,2034,25,0,40
1722,2,4,90273.0,32,2,0,1,1,1,0,0,1991,19,0,32
1723,4,6,82571.0,28,2,0,0,1,0,0,0,1686,24,0,61
1724,4,4,38513.0,20,8,0,0,0,0,0,0,324,17,1,41
1725,3,4,16653.0,10,6,0,0,0,0,0,0,69,9,1,44
1726,2,5,42586.0,7,8,0,0,0,0,0,0,252,16,2,68
1727,1,4,23529.0,67,6,0,0,0,0,0,0,54,5,1,58
1728,3,5,74881.0,48,5,0,0,0,0,0,0,964,27,2,62
1729,2,3,71107.0,61,4,0,0,0,0,0,0,1327,28,1,72
1730,4,5,46910.0,36,6,0,0,0,0,0,0,68,7,2,59
1731,2,3,18690.0,77,8,0,0,0,0,0,0,60,5,0,64
1732,2,2,37244.0,90,7,1,0,0,0,0,0,55,5,2,68
1733,2,5,82427.0,35,1,0,0,1,0,0,0,1456,21,0,57
1734,0,4,75342.0,38,4,0,0,0,0,0,0,563,18,1,65
1735,2,2,70044.0,46,5,0,0,0,0,0,0,1504,26,1,69
1736,2,4,79146.0,33,6,0,0,0,0,0,0,564,19,2,56
1737,2,3,77437.0,70,1,0,0,1,0,0,0,1125,23,0,60
1738,2,3,54984.0,51,7,0,0,0,1,0,0,358,17,1,64
1739,4,3,42403.0,18,8,0,0,0,0,0,0,42,5,1,52
1740,2,5,55761.0,97,6,0,1,0,0,0,0,184,10,1,59
1741,2,5,37292.0,32,8,0,0,0,0,0,0,460,19,1,40
1742,4,4,45576.0,9,8,0,0,0,0,0,0,145,8,0,78
1743,2,5,70321.0,6,4,0,0,0,0,0,0,1376,25,0,76
1744,4,2,58086.0,80,8,0,0,0,0,0,0,792,23,1,54
1745,2,3,81795.0,74,2,0,0,0,0,0,0,1382,23,0,71
1746,1,5,28389.0,49,7,0,0,0,0,0,0,28,4,0,76
1747,3,3,66835.0,21,2,0,0,0,0,0,0,1033,24,0,77
1748,2,2,69901.0,95,5,0,0,0,0,0,0,882,23,1,54
1749,4,3,80360.0,56,2,0,1,1,1,0,0,2231,15,0,74
1750,4,5,63342.0,48,6,0,1,0,0,0,0,1101,19,1,62
1751,2,3,44989.0,26,6,0,0,0,0,0,0,369,16,1,49
1752,0,4,31859.0,3,7,0,0,0,0,0,0,48,5,1,43
1753,4,6,51569.0,39,8,0,1,0,0,0,0,467,19,1,74
1754,2,6,30372.0,33,7,0,0,0,0,0,0,44,8,2,52
1755,1,4,16014.0,42,3,0,0,0,0,0,0,38,10,2,44
1756,2,3,41120.0,80,6,0,0,0,0,0,0,81,9,2,55
1757,3,4,39763.0,9,9,0,0,0,0,0,0,167,10,1,52
1758,4,3,38725.0,52,4,0,0,0,0,0,0,45,7,2,68
1759,2,3,77981.0,78,5,0,0,0,0,0,0,664,21,1,51
1760,0,3,62905.0,68,4,0,0,0,0,0,0,622,20,1,59
1761,0,2,13533.0,45,7,0,0,0,0,0,0,48,7,1,44
1762,2,5,59481.0,47,2,0,0,0,0,0,0,461,16,1,48
1763,2,3,72117.0,34,5,0,0,0,0,0,0,1073,26,1,46
1764,0,3,21955.0,81,6,0,0,0,0,0,0,55,8,1,37
1765,2,3,67131.0,72,6,0,0,0,0,0,0,976,26,1,67
1766,4,4,36802.0,23,5,0,0,0,0,0,0,20,5,1,43
1767,2,5,71853.0,29,1,0,0,0,0,0,0,1149,17,0,41
1768,1,3,28249.0,80,6,0,0,0,0,0,0,43,6,0,62
1769,3,3,47808.0,30,7,1,0,0,0,0,0,224,10,1,48
1770,4,2,25509.0,15,9,0,0,0,0,0,0,101,9,1,49
1771,4,3,51012.0,86,6,0,0,0,0,0,0,209,10,0,77
1772,2,4,70596.0,68,2,0,0,0,0,0,0,968,21,0,38
1773,4,5,85431.0,54,0,0,0,0,0,0,0,1165,17,0,71
1774,2,3,42664.0,44,6,0,0,0,0,0,0,24,5,1,56
1775,2,5,42586.0,7,8,0,0,0,0,0,0,252,16,2,68
1776,2,4,29760.0,87,8,0,0,0,0,0,0,165,12,1,38
1777,4,3,28973.0,59,8,0,0,0,0,0,0,269,13,0,46
1778,4,5,39435.0,16,7,0,0,0,0,0,0,102,7,1,50
1779,0,3,65370.0,1,1,0,0,0,0,0,0,461,19,0,39
1780,1,4,20194.0,64,6,0,0,0,0,0,0,47,7,1,44
1781,4,4,42473.0,72,5,0,0,0,0,0,0,144,10,2,47
1782,2,3,64590.0,98,6,0,0,0,0,0,0,1338,24,0,55
1783,2,5,71232.0,91,7,0,0,0,0,0,0,917,25,1,64
1784,2,5,34600.0,8,8,0,0,0,0,0,0,318,17,2,52
1785,2,4,46904.0,20,8,0,0,0,0,0,0,253,14,2,56
1786,2,3,49094.0,6,6,0,0,0,0,0,0,502,20,1,50
1787,2,5,36075.0,54,6,0,0,0,0,0,0,119,7,1,40
1788,0,5,60839.0,72,8,0,0,0,0,0,0,1250,29,2,44
1789,2,5,77298.0,46,3,0,0,0,0,0,0,969,24,1,44
1790,2,5,34026.0,11,5,0,0,0,0,0,0,76,9,2,73
1791,4,4,48918.0,21,4,0,0,0,0,0,0,62,7,2,60
1792,0,5,82122.0,89,1,0,0,1,0,0,0,1382,26,0,61
1793,2,4,37697.0,82,6,0,0,0,0,0,0,84,7,1,47
1794,2,5,34074.0,69,6,1,0,0,0,0,0,255,14,2,71
1795,3,3,28520.0,55,6,0,0,0,0,0,0,43,5,2,63
1796,2,4,62535.0,13,3,0,0,0,0,0,0,398,14,1,68
1797,3,4,36273.0,80,6,0,0,0,0,0,0,76,8,1,46
1798,2,5,63404.0,97,4,0,0,0,1,0,0,902,15,2,59
1799,0,5,75774.0,27,4,0,0,0,0,0,0,823,21,1,42
1800,2,5,78416.0,99,3,0,0,0,0,0,0,1179,26,1,47
1801,2,5,75702.0,87,6,0,0,1,0,0,0,1921,29,1,49
1802,3,5,59385.0,85,5,0,0,0,0,0,0,185,10,2,72
1803,2,4,37070.0,30,7,0,0,0,0,0,0,433,23,2,57
1804,2,3,44689.0,82,7,1,0,0,0,0,0,34,6,2,72
1805,2,5,53977.0,21,5,0,0,0,0,0,0,907,27,1,65
1806,4,4,7144.0,92,0,0,0,0,0,0,0,416,25,2,57
1807,2,4,18701.0,95,5,0,0,0,0,0,0,44,10,2,59
1808,2,3,90369.0,2,1,0,0,0,0,0,0,1588,17,0,67
1809,4,4,63159.0,74,3,1,0,0,0,0,0,1797,17,0,49
1810,2,5,37758.0,49,8,0,0,0,0,0,0,40,6,2,57
1811,4,4,46757.0,71,9,0,0,0,0,0,0,1143,21,1,60
1812,3,3,79734.0,72,1,0,0,0,1,0,0,914,14,0,54
1813,2,5,63207.0,68,7,0,0,0,1,0,0,1502,12,0,31
1814,2,2,72071.0,4,2,0,0,0,0,0,0,1338,20,1,69
1815,4,5,21840.0,80,9,0,0,0,0,0,0,27,5,1,40
1816,0,5,58582.0,15,5,0,1,0,0,0,0,763,22,1,41
1817,2,4,72282.0,70,7,0,0,0,0,0,0,1331,22,0,72
1818,2,3,50387.0,91,5,0,0,0,0,0,0,525,19,2,67
1819,4,5,32583.0,10,7,0,0,0,0,0,0,9,4,2,62
1820,2,5,62568.0,99,4,0,0,0,1,0,0,953,16,1,61
1821,3,2,44635.0,25,7,0,0,0,0,0,0,68,7,2,52
1822,3,4,33316.0,34,6,0,0,0,0,0,0,131,10,2,52
1823,2,3,63967.0,57,2,0,0,0,0,0,0,882,23,1,55
1824,0,5,52513.0,84,7,0,0,0,0,0,0,1149,25,0,45
1825,2,3,25293.0,51,8,0,0,0,0,0,0,37,5,1,54
1826,4,6,54111.0,97,5,0,0,0,0,0,0,388,15,1,58
1827,2,5,78394.0,13,2,0,0,0,0,0,0,1428,16,0,37
1828,3,3,80739.0,92,1,0,0,0,0,0,0,1633,24,0,65
1829,3,5,22669.0,30,9,0,0,0,0,0,0,173,10,1,48
1830,2,4,29236.0,30,9,0,0,0,0,0,0,99,9,1,36
1831,2,5,44911.0,11,7,0,0,0,0,0,0,215,12,1,64
1832,4,3,54693.0,72,6,0,0,0,0,0,0,929,31,1,61
1833,2,5,48186.0,39,7,0,0,0,0,0,0,219,12,1,49
1834,2,3,54809.0,0,4,0,0,0,0,0,0,174,12,2,46
1835,2,5,41580.0,15,5,0,0,0,0,0,0,92,9,2,45
1836,4,3,80336.0,12,1,0,0,0,0,0,0,1052,25,0,53
1837,2,3,47743.0,56,6,0,1,0,0,0,0,275,14,1,66
1838,0,3,62972.0,39,6,0,0,0,0,0,0,587,16,1,68
1839,4,2,57333.0,55,6,0,0,0,0,0,0,1662,33,1,69
1840,4,5,32313.0,60,9,0,0,0,0,0,0,159,11,1,41
1841,3,6,84953.0,73,2,0,1,1,1,0,0,1024,18,0,70
1842,3,2,27071.0,90,6,0,0,0,0,0,0,35,7,1,55
1843,3,5,68148.0,86,2,0,0,0,0,0,0,1042,15,0,66
1844,3,5,65735.0,37,7,0,0,0,0,0,0,395,19,2,58
1845,4,3,86836.0,7,5,1,0,1,1,0,0,557,23,0,48
1846,4,3,4023.0,29,19,0,0,0,0,0,0,9,15,2,60
1847,2,3,30093.0,19,7,0,0,0,0,0,0,69,6,0,33
1848,4,3,57705.0,14,6,0,0,0,0,0,0,486,18,1,57
1849,2,4,25008.0,72,8,0,0,0,0,0,0,34,6,1,35
1850,0,4,83257.0,56,6,1,0,1,0,0,1,1365,28,0,28
1851,2,5,22280.0,85,8,0,0,0,0,0,0,13,4,1,48
1852,4,3,72159.0,62,2,0,0,0,0,0,0,1401,21,0,45
1853,2,5,64260.0,1,3,0,0,0,0,0,0,1574,14,0,62
1854,4,4,82733.0,28,4,0,0,0,0,0,0,1323,20,0,39
1855,3,2,74290.0,70,6,0,1,0,1,0,0,1217,32,1,52
1856,3,4,58217.0,84,6,0,0,0,0,0,0,103,7,3,72
1857,3,5,21024.0,89,7,0,0,0,0,0,0,84,7,0,47
1858,4,3,70116.0,73,1,0,0,0,0,0,0,1536,23,0,51
1859,2,5,54006.0,42,7,0,0,0,0,0,0,581,18,1,38
1860,4,3,69063.0,16,3,0,0,0,0,0,0,928,14,1,57
1861,0,2,11448.0,16,6,0,0,0,0,0,0,14,4,0,48
1862,2,4,61825.0,56,4,0,0,0,0,0,0,424,15,1,44
1863,2,3,70886.0,65,2,0,0,0,0,0,0,960,14,1,52
1864,2,3,69109.0,10,4,0,0,1,0,0,0,1555,20,0,41
1865,2,6,60208.0,13,7,0,1,0,0,0,0,656,29,2,50
1866,3,5,32889.0,78,5,0,0,0,0,0,0,55,9,2,55
1867,2,4,34738.0,51,6,0,0,0,0,0,0,20,5,1,39
1868,3,5,30538.0,27,10,0,0,0,0,0,0,367,17,1,52
1869,0,5,82326.0,30,2,0,1,1,1,0,0,2257,22,0,46
1870,4,2,26642.0,71,6,0,0,0,0,0,0,42,7,1,56
1871,2,2,69932.0,97,4,0,0,0,0,0,0,1049,26,1,59
1872,2,4,44503.0,83,6,0,0,0,0,0,0,48,7,2,51
1873,4,4,60200.0,3,6,0,0,0,0,0,0,685,25,1,75
1874,2,2,49638.0,71,2,0,0,0,0,0,0,39,5,1,71
1875,0,4,23830.0,3,7,0,0,0,0,0,0,43,5,0,36
1876,3,6,33051.0,15,9,0,0,0,0,0,0,835,21,0,64
1877,2,3,72905.0,52,1,0,0,0,1,0,0,1515,20,0,65
1878,4,5,69702.0,8,4,0,0,0,0,0,0,1039,26,1,72
1879,2,2,70300.0,89,8,0,0,0,0,0,0,1596,26,1,48
1880,4,3,70643.0,66,6,0,0,0,0,0,0,1828,18,0,39
1881,4,3,30396.0,22,7,1,0,0,0,0,0,34,6,1,54
1882,4,2,50616.0,56,7,0,0,0,0,0,0,149,10,1,55
1883,3,4,62772.0,74,2,0,1,0,0,0,0,946,23,1,54
1884,4,4,30298.0,48,3,0,0,0,0,0,0,28,6,0,38
1885,2,4,52413.0,67,7,0,0,0,0,0,0,450,17,1,39
1886,4,3,44155.0,24,4,0,0,0,0,0,0,46,5,2,66
1887,4,2,86979.0,67,2,1,0,0,0,0,0,1702,16,0,52
1888,2,5,76532.0,38,5,0,0,0,0,0,0,820,25,2,48
1889,2,3,42081.0,86,6,1,0,0,0,0,0,382,15,1,41
1890,4,3,67546.0,90,3,0,0,0,0,0,0,2126,20,0,35
1891,3,5,88420.0,87,1,1,0,1,1,0,0,2069,20,0,34
1892,2,3,31158.0,62,8,0,0,0,0,0,0,72,7,1,38
1893,2,2,61671.0,23,8,0,1,0,1,0,0,732,28,1,55
1894,2,4,69719.0,99,1,0,0,0,0,0,0,801,11,0,49
1895,2,2,49160.0,29,6,0,0,0,0,0,0,236,12,1,74
1896,1,5,24882.0,52,6,1,0,0,0,0,0,80,5,1,45
1897,4,4,90933.0,90,1,0,0,1,0,0,0,1685,15,0,69
1898,4,4,113734.0,9,1,0,0,0,0,0,0,277,27,0,78
1899,4,5,59292.0,71,3,0,0,0,0,0,0,507,18,1,73
1900,4,3,45759.0,13,7,0,0,0,0,0,0,68,7,2,59
1901,2,4,22148.0,16,7,0,0,0,0,0,0,49,5,0,40
1902,3,3,73395.0,94,2,0,0,0,0,0,0,397,15,0,36
1903,2,2,29819.0,77,6,0,0,0,0,0,0,39,9,1,52
1904,2,3,45688.0,20,4,0,1,0,0,0,0,306,14,1,55
1905,2,3,62820.0,51,1,0,0,0,0,0,0,976,14,0,69
1906,4,3,60491.0,81,5,0,0,0,0,0,0,1028,28,1,52
1907,2,5,33235.0,71,7,0,0,0,0,0,0,70,7,1,37
1908,2,3,35701.0,36,6,0,0,0,0,0,0,46,5,0,64
1909,3,3,31535.0,95,7,1,0,0,0,0,0,51,5,1,43
1910,0,5,92556.0,32,0,0,0,0,0,0,0,1263,21,0,63
1911,2,4,67384.0,32,5,0,1,0,0,0,0,1490,22,1,53
1912,3,5,80573.0,85,2,0,0,0,0,0,0,1564,24,0,52
1913,2,3,77870.0,93,8,0,1,0,1,0,0,1815,18,1,56
1914,4,6,52278.0,24,8,0,0,0,0,0,0,1198,31,1,60
1915,2,4,57107.0,44,8,0,1,0,0,1,0,416,23,1,55
1916,2,3,18929.0,15,6,0,0,0,0,0,0,85,6,0,33
1917,4,4,36038.0,82,6,0,0,0,0,0,0,47,8,1,42
1918,2,4,20180.0,27,7,0,0,0,0,0,0,137,8,0,47
1919,4,5,34230.0,72,7,0,0,0,0,0,0,21,4,2,58
1920,0,4,31878.0,7,3,0,0,0,0,0,0,70,6,1,46
1921,0,3,70932.0,57,3,0,0,0,0,0,0,909,22,1,51
1922,2,4,91249.0,84,4,0,1,1,1,1,0,1676,22,0,67
1923,3,4,77598.0,53,3,0,0,1,0,0,0,1735,26,0,80
1924,2,4,80982.0,48,5,0,0,0,0,0,1,1191,30,2,64
1925,3,3,22701.0,2,5,0,0,0,0,0,0,24,5,1,46
1926,4,3,55212.0,65,8,0,1,0,0,1,0,1182,20,1,54
1927,2,3,70617.0,45,2,0,0,0,0,0,0,1280,14,0,53
1928,2,4,64849.0,42,5,0,0,0,0,0,0,1336,19,0,66
1929,3,3,62694.0,29,7,0,0,0,0,0,0,749,24,2,58
1930,4,3,61917.0,83,5,0,0,0,0,0,0,91,7,2,49
1931,4,3,67472.0,93,3,0,0,0,0,0,0,414,15,1,76
1932,3,3,21059.0,40,6,0,0,0,0,0,0,44,9,1,41
1933,3,3,29543.0,47,7,0,0,0,0,0,0,63,8,2,55
1934,2,3,75903.0,50,3,0,0,0,0,0,0,901,23,1,72
1935,0,5,34984.0,40,7,0,0,0,0,0,0,38,6,2,48
1936,4,4,54998.0,3,4,0,0,0,0,0,0,455,20,1,67
1937,4,6,54356.0,62,8,0,0,0,0,0,0,775,24,1,74
1938,3,3,34242.0,25,5,0,0,0,0,0,0,15,4,1,64
1939,2,3,25410.0,48,4,0,0,0,0,0,0,38,6,1,50
1940,4,3,73356.0,56,2,1,0,1,1,0,0,1512,22,0,39
1941,2,5,28320.0,68,8,0,0,0,0,0,0,43,5,1,73
1942,2,4,23763.0,64,7,0,0,0,0,0,0,42,5,1,46
1943,2,3,72570.0,67,1,0,0,0,0,0,0,1089,23,0,39
1944,3,3,34529.0,94,7,0,0,0,0,0,0,162,9,1,47
1945,2,6,70792.0,82,3,0,0,0,0,0,0,1272,19,0,72
1946,2,3,63211.0,3,2,0,0,0,0,0,0,1173,20,0,41
1947,3,3,83891.0,24,1,0,0,0,0,0,0,816,22,1,49
1948,2,4,36065.0,54,8,0,0,0,0,0,0,74,9,2,55
1949,2,5,39898.0,20,7,0,0,0,0,0,0,134,9,1,69
1950,4,4,51141.0,96,5,0,0,0,0,0,0,157,9,0,83
1951,2,3,56939.0,19,3,0,0,0,0,0,0,561,18,1,47
1952,2,4,80872.0,60,1,0,0,0,0,0,0,1336,19,0,72
1953,4,5,72335.0,2,8,0,0,0,0,0,0,2092,23,0,47
1954,4,4,61798.0,13,4,0,0,0,0,0,0,463,16,0,59
1955,4,6,76842.0,37,0,0,0,0,0,0,0,1130,17,0,73
1956,2,5,29478.0,59,6,0,0,0,0,0,0,20,5,1,47
1957,2,4,46998.0,55,7,1,0,0,0,0,0,377,18,1,67
1958,2,4,96843.0,60,2,0,0,1,0,0,0,1544,28,0,33
1959,4,6,56551.0,48,4,0,0,0,0,0,0,138,10,2,73
1960,3,3,70053.0,38,5,0,0,0,0,0,0,1012,26,1,58
1961,4,6,71670.0,8,6,0,1,1,0,1,0,1766,15,0,61
1962,2,3,44359.0,19,3,0,0,0,0,0,0,45,9,2,45
1963,2,4,40887.0,32,9,0,0,0,0,0,0,161,10,2,71
1964,2,2,48877.0,27,7,0,0,0,0,0,0,144,8,1,57
1965,2,5,74485.0,58,3,0,0,0,0,0,0,1734,26,0,76
1966,2,5,64474.0,59,5,0,0,0,0,0,0,823,22,1,51
1967,2,5,77226.0,29,3,0,0,0,0,0,0,1138,28,1,60
1968,2,6,72643.0,60,2,0,0,0,1,0,0,1429,21,0,74
1969,3,5,85738.0,41,1,0,1,1,0,0,0,1371,21,0,45
1970,2,2,55686.0,27,4,1,0,0,0,0,0,982,16,1,57
1971,2,4,39062.0,28,4,1,0,0,0,0,0,44,5,1,40
1972,2,5,34600.0,8,8,0,0,0,0,0,0,318,17,2,52
1973,2,3,40794.0,18,7,0,0,0,0,0,0,434,16,1,48
1974,0,3,54690.0,76,3,0,0,0,0,0,0,198,12,2,52
1975,2,3,4428.0,0,1,0,0,0,0,0,0,359,25,1,54
1976,0,3,32632.0,32,5,0,0,0,0,0,0,576,18,0,60
1977,4,4,38236.0,2,7,0,0,0,0,0,0,88,11,2,55
1978,2,3,36781.0,16,8,0,0,0,0,0,0,63,6,1,44
1979,3,4,31385.0,56,8,1,0,0,0,0,0,27,4,1,39
1980,2,3,24570.0,97,9,0,0,0,0,0,0,193,11,1,39
1981,4,2,25509.0,15,9,0,0,0,0,0,0,101,9,1,49
1982,2,3,94642.0,35,1,0,0,1,1,0,0,2211,21,0,72
1983,3,3,58646.0,3,4,0,0,0,0,0,0,140,8,1,61
1984,2,4,53201.0,49,7,0,0,0,0,0,0,415,22,2,48
1985,2,5,21994.0,4,5,0,0,0,0,0,0,22,4,1,66
1986,2,3,57113.0,45,7,0,0,0,0,0,0,263,16,2,45
1987,2,3,51373.0,37,4,0,0,0,0,0,0,393,12,0,32
1988,2,3,23477.0,39,8,0,0,0,0,0,0,147,10,1,37
1989,2,3,58116.0,38,2,0,0,0,0,0,0,443,16,1,67
1990,4,2,72968.0,8,3,0,0,0,1,0,0,1958,19,0,60
1991,3,3,39791.0,89,7,0,0,0,0,0,0,174,10,1,52
1992,3,4,91712.0,47,3,0,0,1,0,0,0,2217,27,0,76
1993,2,4,94472.0,75,5,0,1,1,0,0,0,1691,16,1,65
1994,2,5,13672.0,86,8,0,0,0,0,0,0,25,6,2,63
1995,0,3,96547.0,4,2,1,0,1,1,0,0,809,21,0,43
1996,2,3,79205.0,73,4,0,0,0,1,0,0,895,16,0,48
1997,4,5,56559.0,46,4,0,0,0,0,0,0,484,18,1,48
1998,4,3,32644.0,38,8,1,0,0,0,0,0,413,18,1,50
1999,0,4,67506.0,73,3,0,0,0,0,0,0,331,12,1,43
2000,2,4,24206.0,66,6,0,0,0,0,0,0,25,5,1,53
2001,4,2,28420.0,36,6,0,0,0,0,0,0,13,4,1,56
2002,2,3,22979.0,29,8,0,0,0,0,0,0,115,10,1,53
2003,2,4,33279.0,29,3,0,0,0,0,0,0,16,4,0,57
2004,3,4,46423.0,6,7,0,0,0,0,0,0,92,9,2,51
2005,2,3,30368.0,97,8,0,0,0,0,0,0,52,7,1,46
2006,2,3,63684.0,61,5,0,0,0,0,0,0,1464,23,1,53
2007,2,2,41638.0,68,8,1,0,0,0,0,0,441,17,1,59
2008,4,2,68805.0,73,2,0,0,0,0,0,0,283,12,1,64
2009,4,5,65814.0,90,5,0,0,0,0,0,0,747,23,1,57
2010,2,2,71964.0,81,3,0,0,0,0,0,0,1870,17,0,65
2011,2,4,39146.0,1,8,0,0,0,0,0,0,165,11,1,37
2012,2,5,96876.0,79,2,0,1,1,1,0,0,1941,24,0,46
2013,1,3,34445.0,92,9,0,0,0,0,0,0,839,27,0,42
2014,2,4,68281.0,31,5,0,0,0,0,0,0,1655,25,0,65
2015,0,3,37284.0,46,6,0,0,0,0,0,0,23,4,2,48
2016,2,3,36790.0,14,9,0,0,0,0,0,0,66,6,0,40
2017,2,5,27943.0,89,8,0,0,0,0,0,0,37,8,2,56
2018,2,2,22263.0,31,6,0,0,0,0,0,1,21,6,2,72
2019,2,5,30261.0,75,8,0,0,0,0,0,0,22,4,3,51
2020,2,5,28587.0,42,6,0,0,0,0,0,0,78,9,1,45
2021,3,3,43815.0,53,6,0,0,0,0,0,0,79,6,1,41
2022,2,3,48195.0,53,6,0,0,0,0,0,0,265,17,2,67
2023,3,3,77027.0,23,4,0,0,0,0,0,0,1175,19,1,71
2024,4,3,71322.0,57,4,0,0,0,0,0,0,1305,28,1,58
2025,3,3,32765.0,49,5,0,0,0,0,0,0,46,8,1,44
2026,2,5,29672.0,6,6,0,0,0,0,0,0,25,4,2,58
2027,2,2,23272.0,29,4,0,0,0,0,0,0,46,5,0,70
2028,3,5,49912.0,5,8,1,0,0,0,0,0,874,26,1,74
2029,0,5,7500.0,98,9,0,0,0,0,0,0,100,10,1,38
2030,4,6,68117.0,80,6,1,0,0,0,0,0,930,25,1,76
2031,2,3,67225.0,4,5,0,0,0,0,0,0,868,23,1,68
2032,2,3,17649.0,70,8,0,0,0,0,0,0,45,9,1,47
2033,2,5,55914.0,32,7,0,0,0,0,0,0,1260,29,1,48
2034,2,3,40059.0,82,8,1,0,0,0,0,0,414,12,1,39
2035,2,5,60905.0,27,2,0,0,0,0,0,0,392,15,1,73
2036,2,3,75330.0,94,6,0,0,0,0,0,0,1109,29,2,46
2037,2,4,60689.0,23,3,0,0,0,0,0,0,639,22,1,72
2038,2,3,38680.0,97,7,0,0,0,0,0,0,79,6,1,39
2039,2,5,61416.0,25,6,1,0,0,0,0,0,1665,24,0,41
2040,2,4,49767.0,92,4,0,0,0,0,0,0,692,18,0,32
2041,2,4,83273.0,98,7,0,0,0,0,0,0,1392,29,3,53
2042,2,3,29009.0,19,6,0,0,0,0,0,0,44,7,1,42
2043,3,3,45057.0,80,5,0,0,0,0,0,0,50,6,1,44
2044,2,3,37150.0,80,7,0,0,0,0,0,0,467,21,1,52
2045,2,4,43020.0,79,6,0,0,0,0,0,0,223,12,1,53
2046,2,3,53154.0,50,4,0,0,0,0,0,0,158,9,1,64
2047,2,3,65308.0,60,4,0,0,1,1,0,0,1211,28,0,50
2048,2,4,76467.0,44,6,0,0,0,0,0,0,1575,14,1,53
2049,0,3,81044.0,0,1,0,0,0,0,0,0,1208,22,0,76
2050,2,3,32871.0,28,4,0,0,0,0,0,0,43,5,2,72
2051,2,4,55801.0,35,7,0,0,0,1,0,0,527,21,2,48
2052,2,6,76320.0,49,2,0,0,0,0,0,0,932,15,1,64
2053,3,4,36927.0,46,8,0,0,0,0,0,0,71,8,2,68
2054,2,5,48794.0,97,4,0,0,0,0,0,0,54,5,2,70
2055,2,4,23478.0,51,8,0,0,0,0,0,0,129,7,0,58
2056,2,2,71128.0,80,7,0,0,0,0,0,0,1615,27,1,50
2057,4,2,70179.0,10,5,0,0,0,0,0,0,1034,26,1,47
2058,2,3,59462.0,29,7,0,0,0,0,0,0,1088,25,1,73
2060,2,5,38361.0,74,7,0,0,0,0,0,0,137,10,1,54
2062,4,5,70038.0,54,2,0,0,0,0,0,0,1244,17,0,41
2063,2,5,42554.0,93,4,0,0,0,0,0,0,41,7,2,45
2064,2,3,67445.0,63,6,0,0,0,0,0,0,1174,32,1,49
2065,2,6,67046.0,92,2,0,0,0,0,0,0,993,15,1,72
2066,2,3,42192.0,40,4,0,0,0,0,0,0,100,7,0,75
2067,4,3,77610.0,70,7,0,0,0,0,0,0,1680,17,1,71
2068,2,3,31761.0,96,5,0,0,0,0,0,0,98,9,1,39
2069,2,5,34350.0,81,7,0,0,0,0,0,0,48,5,1,44
2070,2,5,54591.0,63,5,0,0,0,0,0,0,519,19,1,74
2071,2,3,71866.0,85,3,0,0,0,0,0,0,715,20,1,67
2072,2,3,25293.0,51,8,0,0,0,0,0,0,37,5,1,54
2073,4,4,42000.0,23,5,0,0,0,0,0,0,653,20,0,36
2074,2,3,69520.0,95,5,0,0,0,0,0,0,1455,21,0,40
2075,2,2,64713.0,11,4,0,0,0,0,0,0,602,19,1,53
2076,3,3,27889.0,42,6,0,0,0,0,0,0,26,5,1,46
2077,1,6,22123.0,77,5,0,0,0,0,0,0,102,7,0,63
2080,2,3,27803.0,40,8,0,0,0,0,0,0,176,9,1,50
2082,2,3,51651.0,32,8,0,0,0,0,0,0,433,17,1,63
2083,2,3,68487.0,48,4,0,0,0,0,0,0,1366,30,0,35
2085,2,3,56796.0,24,7,0,0,0,0,0,0,1001,27,1,54
2086,0,3,87000.0,61,2,0,0,0,0,0,0,961,18,0,31
2087,2,3,79823.0,6,2,0,1,0,0,0,0,1518,23,1,64
2088,2,4,30828.0,16,3,0,0,0,0,0,0,56,8,1,43
2089,3,3,34109.0,39,4,0,0,0,0,0,0,22,4,1,52
2090,3,2,53367.0,2,7,0,0,0,0,0,0,400,21,2,49
2091,1,5,22390.0,49,7,0,0,0,0,0,0,26,4,0,54
2092,2,5,71322.0,31,2,0,0,0,0,0,0,350,13,1,47
2093,2,0,79244.0,58,1,0,0,1,1,0,0,1216,22,0,30
2094,3,5,49912.0,5,8,1,0,0,0,0,0,874,26,1,74
2095,4,3,48699.0,90,5,0,0,0,0,0,0,40,5,2,73
2096,2,5,80144.0,47,1,0,0,0,0,0,0,1367,19,0,48
2097,2,4,54252.0,25,6,0,0,0,0,0,0,264,15,2,67
2098,3,3,81929.0,60,6,1,0,1,0,0,0,2053,20,1,47
2099,2,3,76068.0,67,6,0,1,0,0,1,0,1376,10,1,48
2100,3,3,53204.0,40,4,0,0,0,0,0,0,45,5,2,47
2101,4,5,67911.0,63,3,0,0,0,0,0,0,976,27,1,74
2102,0,3,14796.0,1,9,0,0,0,0,0,0,51,6,1,39
2103,4,3,78128.0,89,3,0,1,1,0,0,0,1264,20,1,49
2104,1,3,14188.0,40,6,0,0,0,0,0,0,75,7,0,51
2105,1,3,20425.0,5,7,0,0,0,0,0,0,57,7,1,37
2106,3,3,58646.0,3,4,0,0,0,0,0,0,140,8,1,61
2107,2,2,72967.0,1,5,1,0,0,0,0,0,497,19,1,53
2108,3,3,48150.0,24,7,0,0,0,0,0,0,266,13,1,74
2109,2,4,82332.0,89,2,0,0,1,0,0,0,2006,21,0,62
2110,2,6,58275.0,48,7,0,0,0,0,0,0,615,23,2,68
2111,4,5,44953.0,31,6,1,0,0,0,0,0,1021,24,0,42
2112,2,5,34587.0,68,4,0,0,0,0,0,0,22,6,2,70
2113,3,5,43018.0,46,5,0,0,0,0,0,0,133,7,1,49
2114,3,3,45736.0,92,7,0,0,0,0,0,0,437,19,1,69
2115,3,5,66476.0,80,4,0,0,0,0,0,0,1013,26,1,54
2116,0,3,27733.0,16,7,0,0,0,0,0,0,57,7,1,42
2117,4,5,69805.0,50,2,0,0,0,0,0,0,1038,27,1,71
2118,3,4,72217.0,93,2,0,0,0,0,0,0,1573,22,0,61
2119,2,2,25818.0,51,7,0,0,0,0,0,0,28,4,1,52
2120,3,5,37509.0,24,7,0,0,0,0,0,0,123,9,1,47
2121,0,5,25176.0,79,7,0,0,0,0,0,0,13,4,2,47
2122,2,3,43586.0,26,8,0,0,0,0,0,0,132,10,1,43
2123,0,3,53230.0,86,5,0,0,0,0,0,0,732,23,1,67
2124,2,5,50116.0,68,5,0,1,0,0,0,0,66,7,2,66
2125,2,5,84906.0,98,2,0,1,1,0,1,0,1631,24,0,51
2126,2,3,61286.0,34,5,0,0,0,0,0,0,608,18,1,57
2127,4,3,82333.0,60,2,0,0,1,0,0,0,1822,18,0,37
2128,4,5,65220.0,3,6,0,0,0,0,0,0,1282,23,0,58
2129,2,5,33590.0,65,7,0,0,0,0,0,0,8,4,3,49
2130,2,2,30992.0,83,7,0,0,0,0,0,0,43,5,1,47
2131,3,4,72309.0,64,3,0,0,0,1,0,0,1931,20,0,47
2132,4,3,156924.0,85,0,0,0,0,0,0,0,8,0,0,74
2133,1,3,16005.0,69,8,0,0,0,0,0,0,103,8,1,43
2134,3,0,65487.0,48,2,0,0,0,0,0,0,1169,17,0,66
2135,2,3,58692.0,21,7,0,0,0,0,0,0,395,15,1,58
2136,2,6,40590.0,30,6,1,0,0,0,0,0,258,15,2,54
2137,2,4,20587.0,39,7,0,0,0,0,0,0,25,5,1,53
2138,3,2,62637.0,76,2,0,0,0,0,0,0,185,10,1,69
2139,3,2,29435.0,11,9,0,0,0,0,0,0,180,11,2,57
2140,2,2,19346.0,26,8,0,0,0,0,0,0,22,5,1,49
2141,2,3,35788.0,34,6,0,0,0,0,0,0,44,7,2,52
2142,2,2,36997.0,72,5,0,0,0,0,0,0,94,12,2,55
2143,2,3,23539.0,13,6,0,0,0,0,0,0,81,7,0,66
2144,2,4,65333.0,58,6,0,1,1,0,0,0,798,28,1,50
2145,2,4,78499.0,12,4,0,0,1,0,0,0,1334,19,0,66
2146,4,5,29732.0,23,9,0,0,0,0,0,0,38,5,1,52
2147,3,5,41275.0,33,5,0,0,0,0,0,0,61,11,3,63
2148,4,5,63516.0,30,5,0,0,0,0,0,0,300,16,2,50
2149,4,3,42769.0,15,4,0,0,0,0,0,0,88,8,1,61
2150,3,3,49572.0,25,7,0,0,0,0,0,0,54,7,2,65
2151,2,3,69209.0,4,4,0,0,0,1,0,0,1782,16,0,51
2152,2,3,17148.0,80,8,0,0,0,0,0,0,68,11,1,47
2153,2,6,40590.0,30,6,1,0,0,0,0,0,258,15,2,54
2154,3,5,30560.0,6,7,0,0,0,0,0,0,31,5,1,47
2155,0,3,32146.0,16,6,0,0,0,0,0,0,66,8,1,40
2156,0,2,41713.0,57,6,0,0,0,0,0,0,174,13,2,59
2157,3,5,34176.0,9,3,0,0,0,0,0,0,28,5,1,48
2158,4,3,58482.0,59,6,0,1,0,0,0,0,731,22,1,68
2159,2,4,59686.0,78,4,0,0,0,0,0,0,274,12,1,58
2160,4,3,60896.0,90,6,0,0,0,0,0,0,1701,26,1,59
2161,2,5,62994.0,74,6,0,0,0,0,0,0,312,13,1,43
2162,2,5,47320.0,10,6,0,0,0,0,0,0,414,20,1,66
2163,0,6,74859.0,63,3,0,0,0,1,0,0,1565,23,0,74
2164,1,4,15253.0,13,7,0,0,0,0,0,0,29,6,1,31
2165,4,4,31560.0,98,8,0,0,0,0,0,0,94,8,1,49
2166,2,2,72071.0,4,2,0,0,0,0,0,0,1338,20,1,69
2167,3,4,91172.0,94,3,1,0,1,1,1,0,1092,14,0,33
2168,2,3,90000.0,91,1,1,0,1,1,0,0,1479,18,0,39
2169,2,4,41967.0,66,4,0,0,0,0,0,0,54,5,2,42
2170,2,4,69263.0,14,6,0,1,0,0,0,0,568,18,1,58
2171,0,2,65706.0,77,7,0,1,1,0,1,0,1199,27,0,53
2172,2,5,60934.0,41,4,0,0,0,0,0,0,873,23,1,48
2173,2,3,71965.0,21,3,0,0,0,0,0,0,1213,17,1,72
2174,2,3,65210.0,25,6,0,1,0,1,0,0,731,22,1,68
2175,4,3,79174.0,2,2,0,0,1,1,0,0,2043,19,0,48
2176,3,2,81380.0,51,2,0,0,0,0,0,0,1893,17,0,56
2177,4,7,48432.0,3,8,0,0,0,0,0,0,424,19,1,50
2178,2,3,52914.0,32,7,1,0,0,0,0,0,575,15,1,52
2179,2,5,38946.0,84,5,0,0,0,0,0,0,257,12,1,68
2180,2,3,26067.0,49,8,0,0,0,0,0,0,56,9,1,49
2181,4,3,44325.0,69,8,0,1,0,0,0,0,542,21,1,51
2182,2,3,42523.0,96,2,0,0,0,0,0,0,125,7,0,59
2183,1,4,26487.0,23,5,0,0,0,0,0,0,69,9,1,45
2184,0,3,53233.0,18,4,0,0,0,0,0,0,40,5,1,66
2185,2,3,67716.0,8,5,0,1,0,0,0,0,1016,28,1,63
2186,3,3,76234.0,21,3,0,1,0,0,0,0,907,23,1,51
2187,4,3,84117.0,60,2,0,0,1,0,0,0,1566,24,0,67
2188,3,5,65487.0,48,2,0,0,0,0,0,0,1169,17,0,66
2189,1,3,25224.0,36,3,0,0,0,0,0,0,46,7,1,51
2190,3,4,89616.0,36,2,0,0,0,0,0,0,1644,25,0,40
2191,2,2,40851.0,63,7,0,0,0,0,0,0,59,5,2,52
2192,2,3,27469.0,2,6,0,0,0,0,0,0,17,4,0,76
2193,0,3,82347.0,38,3,1,0,0,1,0,0,1853,25,0,66
2194,2,3,73803.0,61,6,1,0,0,0,0,0,1528,22,1,66
2195,3,4,8820.0,52,8,0,0,0,0,0,0,35,10,2,71
2196,2,4,43322.0,25,7,0,0,0,0,0,0,141,8,0,49
2197,2,5,55593.0,63,6,1,0,0,0,0,0,546,17,1,50
2198,2,3,50501.0,10,6,1,0,0,0,0,0,500,20,2,69
2199,2,3,37085.0,65,8,0,0,0,0,0,0,61,10,2,48
2200,1,4,16185.0,71,8,0,0,0,0,0,0,106,8,1,33
2201,2,4,57731.0,0,6,0,0,0,0,0,0,704,26,1,54
2202,4,7,48432.0,3,8,0,0,0,0,0,0,424,19,1,50
2203,2,3,73807.0,88,2,0,0,0,0,0,0,849,23,1,45
2204,2,3,18929.0,15,6,0,0,0,0,0,0,85,6,0,33
2205,2,4,35893.0,80,8,0,0,0,0,0,0,199,15,2,55
2206,2,3,61014.0,17,7,0,0,0,0,0,0,1147,20,1,43
2207,2,5,32144.0,76,7,0,1,0,0,0,0,54,10,2,69
2208,1,5,14918.0,52,6,0,0,0,0,0,0,43,5,1,60
2209,2,2,45146.0,28,4,0,0,0,0,0,0,53,6,2,60
2210,0,2,41769.0,31,8,0,0,0,0,0,0,521,22,1,68
2211,2,5,88325.0,42,2,0,0,0,0,0,0,1623,18,0,42
2212,3,2,38054.0,24,7,0,0,0,0,0,0,45,7,2,73
2213,0,4,80617.0,42,2,0,0,0,0,0,0,1435,19,0,28
2214,2,3,5305.0,12,13,0,0,0,0,0,0,32,1,1,47
2215,2,5,36807.0,88,6,0,0,0,0,0,0,16,4,2,69
2216,2,5,28427.0,67,8,0,0,0,0,0,0,52,7,1,40
2217,4,6,82032.0,54,1,0,0,0,0,0,0,1234,17,0,75
2218,2,5,22775.0,40,8,0,0,0,0,0,0,15,4,1,45
2219,3,5,40101.0,73,7,0,0,0,0,0,0,415,17,1,38
2220,2,3,58025.0,81,4,0,0,0,0,0,0,470,18,1,44
2221,3,4,75777.0,12,1,0,1,1,0,0,0,1438,21,0,41
2222,0,5,7500.0,7,7,0,0,0,0,0,0,53,11,1,44
2223,3,3,33562.0,33,4,0,0,0,0,0,0,51,9,3,60
2224,4,4,57642.0,24,4,1,0,0,0,0,0,679,22,1,53
2225,2,5,58554.0,55,7,0,0,0,0,0,0,586,22,2,55
2226,2,3,63777.0,87,8,0,0,0,0,0,0,653,26,2,44
2227,2,4,57967.0,39,5,0,0,0,0,0,0,468,19,1,61
2229,2,3,24434.0,9,7,0,0,0,0,0,0,50,7,2,51
2230,2,4,11012.0,82,9,1,0,0,0,0,0,84,9,1,39
2231,3,4,44802.0,71,8,0,0,0,0,0,0,1049,27,0,53
2232,2,4,26816.0,50,4,0,0,0,0,0,0,22,4,0,37
2233,2,5,666666.0,23,6,0,0,0,0,0,0,62,11,1,46
2234,2,3,34421.0,81,7,0,0,0,0,0,0,30,4,1,49
2235,2,3,61223.0,46,5,0,0,0,0,0,0,1341,18,1,56
2236,4,5,64014.0,56,7,0,0,0,1,0,0,444,22,3,77
2237,2,2,56981.0,91,6,0,1,0,0,0,0,1241,19,0,42
2238,3,5,69245.0,8,3,0,0,0,0,0,0,843,23,1,67
2239,4,3,52869.0,40,7,0,0,0,0,0,0,172,11,2,69
